"logFC","AveExpr","t","P.Value","adj.P.Val","B","ENTREZID","SYMBOL"
-1.2750091308,7.08701644773684,-5.76356105998929,1.005248795774e-05,0.0321747043585661,3.47262565443456,"595097","SNORD16"
-1.04708064914444,9.07270571994737,-5.52339662933868,1.74922514765635e-05,0.0321747043585661,2.98064631445371,"54020","SLC37A1"
1.01697185793333,7.80975999694737,5.51375019990682,1.7888016430684e-05,0.0321747043585661,2.96073088562917,"54739","XAF1"
-1.04300621416667,7.96254359063158,-5.44461513664004,2.10046369842872e-05,0.0321747043585661,2.81766454188263,"130507","UBR3"
-1.28711665276667,8.80468467742105,-5.11900261860433,4.50183697932419e-05,0.0321747043585661,2.13648114994994,"1182","CLCN3"
-1.05860125285555,8.98961034642105,-5.07139582879888,5.03636585155548e-05,0.0321747043585661,2.03595519108864,"4677","NARS1"
-1.08120093763333,7.99385222026316,-5.03026615120025,5.54976853905168e-05,0.0321747043585661,1.94893302471864,"4200","ME2"
-1.38097405076667,6.46452826589474,-5.00130435442969,5.94281989667544e-05,0.0321747043585661,1.88756246755498,"594837","SNORD101"
-1.15747517167778,6.846350853,-5.00049623446565,5.95418264627034e-05,0.0321747043585661,1.88584896565914,"4674","NAP1L2"
1.06597248793333,6.28123550221053,4.97981270325029,6.25261677410763e-05,0.0321747043585661,1.84197284368657,"969","CD69"
-1.01753254402222,7.421174317,-4.92850301605491,7.06002074207616e-05,0.0321747043585661,1.73296949206902,"23556","PIGN"
-1.33475982433333,8.25383501663158,-4.84373587928986,8.63187527107274e-05,0.0321747043585661,1.55241561640703,"26790","SNORD58B"
-1.16926656174444,7.66578175989474,-4.83324924326251,8.84949134868818e-05,0.0321747043585661,1.53004032180584,"100131693","EIF4EP2"
-1.11822015153333,9.01695917347368,-4.74860112440854,0.000108218409333557,0.0321747043585661,1.34913675934176,"533","ATP6V0B"
-1.13216549656667,8.36835224252632,-4.67013026053943,0.00013045233950104,0.0321747043585661,1.18100948511546,"22836","RHOBTB3"
1.26024024483333,6.98763133005263,4.61846284777454,0.000147554060151662,0.0321747043585661,1.07011072829757,"728360",NA
-1.08389739706667,8.27373614042105,-4.59584166702933,0.000155736218636731,0.0321747043585661,1.02151146359604,"60559","SPCS3"
-1.3403305166,9.075977712,-4.58287645044185,0.000160630195934812,0.0321747043585661,0.993645344791778,"57142","RTN4"
-1.32229081364444,8.57126465694737,-4.55710374173523,0.000170823234964657,0.0321747043585661,0.938227929724007,"1528","CYB5A"
-1.01825670435555,7.92802118731579,-4.55158983747505,0.000173087142767255,0.0321747043585661,0.926367697479065,"57614","RELCH"
-1.0233676041,8.19152938152632,-4.47468240152341,0.000207999371790351,0.0321747043585661,0.760807038927128,"140739","UBE2F"
1.09672134151111,7.15828747157895,4.4259151984791,0.000233721957516866,0.0321747043585661,0.655709561029235,"1600","DAB1"
1.19306623832222,5.80169972189474,4.42010165558764,0.000236994179824007,0.0321747043585661,0.643175758124015,"8756","ADAM7"
-1.22686208057778,7.62602411726316,-4.41510779680644,0.000239841731711588,0.0321747043585661,0.632408360951466,"54664","TMEM106B"
-1.17262670397778,7.62203864931579,-4.38808471172315,0.000255856988524128,0.0321747043585661,0.574130902029165,"28977","MRPL42"
-1.19798069975555,8.80027012278947,-4.38681006541329,0.000256638368792594,0.0321747043585661,0.571381539501711,"22837","COBLL1"
1.14146184154444,7.8998054308421,4.35080262157063,0.000279728605576957,0.0326525395687996,0.493698647837375,"400454",NA
1.06516524427778,6.17921794368421,4.34058470555451,0.000286652633943213,0.0326525395687996,0.471649159506003,"4283","CXCL9"
-1.11434959433333,10.3021136088421,-4.33655174569297,0.000289432570100899,0.0326525395687996,0.4629457630961,"47","ACLY"
-1.01795264192222,9.8634037068421,-4.30100613647581,0.000315132947963678,0.032897139480904,0.386223427713608,"8763","CD164"
-1.15862677893333,8.31669695947368,-4.27256942192546,0.00033733010032461,0.0335461184724281,0.324831584766677,"2631","NIPSNAP2"
-1.01345939391111,7.70282921010526,-4.25812251318765,0.000349200032998115,0.0337035362435421,0.293638740611198,"647150","ABCE1P2"
-1.18406669407778,9.12249294489474,-4.20138486386761,0.000400002173395236,0.0337035362435421,0.171120775881797,"8895","CPNE3"
-1.00730338528889,8.99554670342105,-4.1831495338046,0.000417850519209252,0.0337035362435421,0.131742051949936,"2617","GARS1"
-1.08504421517778,9.08716826405263,-4.18257237566222,0.000418428241317738,0.0337035362435421,0.130495699125823,"10652","YKT6"
-1.28183022217778,8.44390503942105,-4.13191076159642,0.000472376374375184,0.0337035362435421,0.0210993143791347,"54431","DNAJC10"
-1.04737488188889,9.36562063905263,-4.12542559446576,0.000479765953437057,0.0337035362435421,0.00709685970842955,"6950","TCP1"
-1.13370738322222,8.95065279378947,-4.10714753108665,0.000501219754902556,0.0337035362435421,-0.0323657847369887,"664","BNIP3"
1.00607820365556,6.10079984347368,4.09335191167877,0.000518043874505442,0.0337465834615355,-0.0621479336301736,"728460",NA
-1.05265523824444,7.73616452268421,-4.09205420967593,0.000519655154474415,0.0337465834615355,-0.0649492868778019,"112495","GTF3C6"
1.03199113103333,6.86370479752632,4.08339333274513,0.000530537608363368,0.0337465834615355,-0.0836448736257145,"100128844",NA
1.00463304368889,7.59983591563158,4.07489805169878,0.000541432744260392,0.0337465834615355,-0.101981792792672,"100129597","LINC00462"
-1.00796112704444,8.48795041410526,-4.06213328824808,0.000558224290893089,0.0337465834615355,-0.129531860166087,"4711","NDUFB5"
-1.2257684445,5.98998978242105,-4.06202004160803,0.000558375562178297,0.0337465834615355,-0.129776265309579,"100130010",NA
1.04797675486667,7.88325521942105,4.04298582249477,0.000584390186526241,0.0338941079895439,-0.170851487102078,"649133","POU2F3-AS1"
-1.33164841823333,9.02841807278947,-4.02302275456137,0.000612972484273466,0.0338941079895439,-0.213922228855796,"54848","ARHGEF38"
-1.08763069123333,8.70992602542105,-3.96761143628334,0.000699811228892739,0.035015848735858,-0.3334151577199,"64645","SLC71A1"
-1.0025250771,9.88410598557895,-3.95358760382546,0.000723664686617787,0.0352530063035759,-0.363641262509667,"124583","CANT1"
-1.099443169,8.68811780652632,-3.94591258824022,0.000737059823681347,0.0352530063035759,-0.380180452154225,"5874","RAB27B"
-1.01209230084444,8.11337454010526,-3.91381213975582,0.000795807356593472,0.0352530063035759,-0.449329555064068,"3416","IDE"
1.0143106335,7.32418807184211,3.89758198092913,0.000827257896717659,0.0352530063035759,-0.484274882692334,"1043","CD52"
-1.0805802602,10.9171893772632,-3.86302161724534,0.000898399115854072,0.0352530063035759,-0.558645404086471,"6080","SNORA73A"
-1.1521495771,8.77146747773684,-3.85683965268825,0.000911749883159821,0.0352530063035759,-0.571941984293897,"55466","DNAJA4"
1.15202002315556,7.36167564842105,3.85344266455547,0.000919169721099922,0.0352530063035759,-0.579247583559493,"100132116","ACTA2-AS1"
-1.2503558777,7.46937001610526,-3.83459697102147,0.000961434121800071,0.0352530063035759,-0.619765799770153,"26811","SNORD55"
1.02036113724444,7.25016136105263,3.82596550969439,0.000981429450300556,0.0352530063035759,-0.638316689726843,"4991","OR1D2"
1.20781606478889,6.18322892178947,3.82100828554619,0.000993098951182087,0.0352530063035759,-0.648968865258964,"3627","CXCL10"
-1.15913305488889,10.65886998,-3.79961326565231,0.00104506124166441,0.0352530063035759,-0.69492573809467,"57222","ERGIC1"
-1.08187399548889,8.9240743898421,-3.7956651688676,0.00105494024021939,0.0352530063035759,-0.703403185592558,"115294","PCMTD1"
1.00040453881111,6.55374741052632,3.78269744511774,0.00108804359966531,0.0352530063035759,-0.731240671684023,"100130083",NA
-1.43123970571111,7.42816818347368,-3.75765793361227,0.00115489982273352,0.0353442169388354,-0.784960268669201,"26996","GPR160"
-1.0927599347,8.95943851326316,-3.75546668872992,0.00116094039782036,0.0354879593134646,-0.789659265532449,"3998","LMAN1"
-1.12607444741111,6.99567748331579,-3.73508855607482,0.00121863458148457,0.0359211584057913,-0.833342241958397,"26789","SNORD59A"
-1.12549524936667,7.58463702194737,-3.73134942832338,0.00122952444521295,0.036004781162825,-0.841354156180559,"8767","RIPK2"
-1.02978911113333,10.1626677293158,-3.72827988551353,0.00123853607072194,0.036004781162825,-0.847930540244566,"57221","ARFGEF3"
-1.10608988087778,9.99619302889474,-3.72728201886622,0.00124147966787733,0.036004781162825,-0.850068277896574,"11337","GABARAP"
-1.33204169758889,7.82804401421053,-3.70819739558058,0.00129912680559251,0.0362434919791736,-0.89093846483873,"100033812","SNORD115-38"
-1.33204169758889,7.82804401421053,-3.70819739558058,0.00129912680559251,0.0362434919791736,-0.89093846483873,"100033445","SNORD115-8"
1.03086895783333,6.72133914905263,3.70199802554609,0.00131841582471602,0.0362875844072093,-0.904208322834942,"684","BST2"
-1.31079447148889,7.88004279678947,-3.68219241276187,0.00138195531009749,0.0363236865587968,-0.946581327571464,"100036563","SNORD115-24"
-1.34035120224444,4.94235590226316,-3.64011592250946,0.00152714564119619,0.0365567818867948,-1.03648856123918,"100033425","SNORD116-13"
-1.08827891344444,9.22634621994737,-3.63832400839856,0.00153365212143856,0.0365567818867948,-1.04031387163305,"7267","TTC3"
-1.382458923,7.73211985352632,-3.63473029283668,0.00154678347229477,0.0366236526021636,-1.04798468964441,"5567","PRKACB"
-1.23769327762222,7.27118124268421,-3.61151302108027,0.00163433026984039,0.0366972658839846,-1.09751231703068,"100033804","SNORD115-30"
-1.37948974698889,9.52915785063158,-3.60287496776759,0.00166813356838557,0.0366972658839846,-1.11592569981267,"2180","ACSL1"
-1.40645784181111,6.15826511373684,-3.60029917277093,0.00167834607336051,0.0366972658839846,-1.1214149644984,"100129652",NA
-1.46639927867778,10.0104671787368,-3.58145993221358,0.00175493520024764,0.0366972658839846,-1.16154250472198,"262","AMD1"
-1.20665532724444,7.32215796626316,-3.57563422476175,0.00177930814562945,0.0366972658839846,-1.17394375324811,"51715","RAB23"
-1.21769368194444,8.57044128989474,-3.57249919360275,0.00179256170657024,0.0366972658839846,-1.18061583752125,"10135","NAMPT"
-1.22678534826667,8.28443237257895,-3.56560896756821,0.001822032945389,0.0366972658839846,-1.19527615588362,"100033807","SNORD115-33"
1.76605897421111,7.42775017815789,3.56461121742623,0.00182633990382769,0.0366972658839846,-1.19739864159586,"125931","CEACAM20"
-1.41573324492222,8.78597603373684,-3.55066132689126,0.00188761627611933,0.0366972658839846,-1.22706243521929,"143686","SESN3"
-1.28488904517778,9.25501801057895,-3.53880798452485,0.00194126881533322,0.0366972658839846,-1.25225099455727,"347746","PWARSN"
-1.00393319821111,9.52396608331579,-3.53560236031025,0.00195603437788078,0.0366972658839846,-1.25906026749587,"27102","EIF2AK1"
-1.75591128948889,9.43596234331579,-3.49805062562406,0.00213743925945374,0.0370518469191136,-1.33873685761522,"131034","CPNE4"
-1.04057755271111,9.09373848394737,-3.48390570597739,0.00220997061380241,0.0370518469191136,-1.36870515109961,"5862","RAB2A"
-1.52335851923333,6.76722908763158,-3.45395875009217,0.00237159070310632,0.0370518469191136,-1.43206911822378,"338428","SNORD109A"
-1.52335851923333,6.76722908763158,-3.45395875009217,0.00237159070310632,0.0370518469191136,-1.43206911822378,"338429","SNORD109B"
-1.05777128631111,8.70045494147368,-3.43748581389982,0.00246537620229691,0.0370518469191136,-1.46687377132287,"9874","TLK1"
1.08258425982222,7.16401068715789,3.41244326849165,0.002614951519849,0.0373098960200529,-1.51971398549393,"729653",NA
1.08258425982222,7.16401068715789,3.41244326849165,0.002614951519849,0.0373098960200529,-1.51971398549393,"730397",NA
1.08258425982222,7.16401068715789,3.41244326849165,0.002614951519849,0.0373098960200529,-1.51971398549393,"730406",NA
1.23442308244444,5.96387398973684,3.38521165640807,0.0027876880347184,0.0377298294414866,-1.57707289550279,"6019","RLN2"
-1.11393610474444,6.71353763105263,-3.36316771137422,0.00293564784351976,0.0378822144870166,-1.62342536011325,"100033818","SNORD115-44"
-1.09605905502222,9.99211431936842,-3.35554138079038,0.00298860175231813,0.0379533808094956,-1.63944444066495,"60481","ELOVL5"
1.23501590635556,7.57503601121053,3.35415183174173,0.0029983501792118,0.0379757372375828,-1.64236222594624,"100133746",NA
-1.10827768876666,8.58191908494737,-3.34843697399602,0.0030387705649482,0.0379963702551397,-1.65435920033229,"5238","PGM3"
-1.04737926781111,8.39662896089474,-3.33494237088181,0.0031363395876797,0.038034656686005,-1.68266772764532,"134957","STXBP5"
-1.20106168264444,9.30416843573684,-3.33044789578517,0.00316950958552367,0.0381366367486403,-1.69208972768865,"7264","GFUS"
-1.06274307343333,8.15038238863158,-3.31867976368595,0.00325799071366395,0.0381433638456577,-1.716744601075,"64844","MARCHF7"
1.10864509733333,6.41086638831579,3.30684118395494,0.00334943159301919,0.0382073763077578,-1.74152447004042,"10895","PPBPP2"
-1.10629706065555,7.20715991768421,-3.30681138735627,0.00334966486947091,0.0382073763077578,-1.74158680974283,"57001","SDHAF3"
-1.03773734111111,7.96467379215789,-3.25500030050822,0.0037801858460062,0.0386426931244502,-1.84975850417683,"6549","SLC9A2"
-1.16691005792222,7.87897478484211,-3.25427527116487,0.0037865771764067,0.0386426931244502,-1.85126894247352,"338433","SNORD115-1"
-1.16691005792222,7.87897478484211,-3.25427527116487,0.0037865771764067,0.0386426931244502,-1.85126894247352,"100033450","SNORD115-13"
-1.17491739933333,8.01179549673684,-3.2508245501865,0.0038171406395793,0.0387124584393627,-1.85845648230717,"100033454","SNORD115-16"
1.01946358474444,5.898246603,3.23740020704206,0.00393834131265057,0.0388383269186396,-1.88639798637969,"100134127",NA
-1.17942577241111,7.99086371057895,-3.2332997851894,0.00397610222660675,0.0388648541476354,-1.89492616421044,"100033814","SNORD115-40"
-1.41787041807778,8.79735635831579,-3.22903062591621,0.00401579110087611,0.038970247423544,-1.90380204240467,"1657","DMXL1"
-1.15839719944444,7.97311510789474,-3.22837584983471,0.00402191229518009,0.038970247423544,-1.90516307336104,"100033453","SNORD115-15"
-1.9604399002,6.40401418421053,-3.22318424096176,0.0040707683560112,0.0389822563635286,-1.91595167849646,"728027",NA
-1.18318102363333,8.14222721778947,-3.21807522929322,0.00411941009884672,0.0390150438490378,-1.92656379788151,"100033813","SNORD115-39"
-1.18318102363333,8.14222721778947,-3.21807522929322,0.00411941009884672,0.0390150438490378,-1.92656379788151,"100033815","SNORD115-41"
-1.17708367083333,8.15075641484211,-3.20097129237135,0.00428639802820671,0.0393418948276289,-1.96205565601643,"100033447","SNORD115-10"
-1.17708367083333,8.15075641484211,-3.20097129237135,0.00428639802820671,0.0393418948276289,-1.96205565601643,"100033451","SNORD115-14"
-1.17337208666667,8.15958411952632,-3.1910609469635,0.00438614305380912,0.0394424324801337,-1.98259504396687,"100033603","SNORD115-21"
-1.16106562373333,5.82333177194737,-3.18694542348968,0.00442822367477815,0.0394484498189086,-1.99111902799219,"100033805","SNORD115-31"
-1.16815972471111,8.16470303336842,-3.18159494230425,0.00448351778758199,0.0395240948891281,-2.00219594685628,"100033808","SNORD115-34"
-1.16815972471111,8.16470303336842,-3.18159494230425,0.00448351778758199,0.0395240948891281,-2.00219594685628,"100033441","SNORD115-4"
-1.12141446001111,7.64956587026316,-3.18140651253273,0.00448547726367337,0.0395281748451376,-2.00258594555748,"100033816","SNORD115-42"
-1.12755663308889,7.75386703536842,-3.17935078535618,0.00450690877426365,0.0395323705204507,-2.00684029721419,"100033443","SNORD115-6"
-1.37032469326667,6.49335865889474,-3.16798960295305,0.00462715580220214,0.0396649827627267,-2.03033751138256,"100033424","SNORD116-12"
-1.00693555931111,8.22306142126316,-3.16512509262248,0.00465796164010874,0.0396966478879837,-2.0362578891899,"54468","MIOS"
1.55481023763333,7.71632979436842,3.15229004692408,0.00479845272842879,0.0398329442244218,-2.06276536186334,"51703","ACSL5"
-1.05086733482222,10.6315161712632,-3.14758829908975,0.00485093846965866,0.0398329442244218,-2.07246734105983,"2194","FASN"
1.09794092854445,6.50854489815789,3.13632771609541,0.00497891209606448,0.0400906338588714,-2.0956851347547,"3561","IL2RG"
-1.22688669696666,8.4305715581579,-3.11617717940974,0.00521612400367245,0.040500459320905,-2.13716765563877,"100133478",NA
-1.06687350668889,7.22910896594737,-3.09851452638515,0.00543301337860197,0.0408667268091145,-2.17345843680012,"100033448","SNORD115-11"
-1.06687350668889,7.22910896594737,-3.09851452638515,0.00543301337860197,0.0408667268091145,-2.17345843680012,"100033803","SNORD115-29"
-1.06687350668889,7.22910896594737,-3.09851452638515,0.00543301337860197,0.0408667268091145,-2.17345843680012,"100033810","SNORD115-36"
-1.06687350668889,7.22910896594737,-3.09851452638515,0.00543301337860197,0.0408667268091145,-2.17345843680012,"100033817","SNORD115-43"
-1.04112060172222,7.90329818078947,-3.09257083629818,0.00550794133155465,0.0410208457102695,-2.18565572695183,"339843","WWP1P1"
-1.06335983938889,7.22605552252632,-3.08982047306374,0.00554295039720526,0.0411147300952057,-2.19129728015116,"100033799","SNORD115-22"
-1.07078766917778,7.34322858131579,-3.0718785731008,0.0057766644934116,0.0415636011492347,-2.22805928512338,"100033802","SNORD115-26"
-1.26510762898889,7.69081362736842,-3.07150786137798,0.00578159242281135,0.0415636011492347,-2.22881810774055,"100033809","SNORD115-35"
-1.06771859773333,7.26553656863158,-3.07136952110607,0.00578343244191577,0.0415636011492347,-2.2291012734219,"100033449","SNORD115-12"
-1.06771859773333,7.26553656863158,-3.07136952110607,0.00578343244191577,0.0415636011492347,-2.2291012734219,"100033442","SNORD115-5"
-1.06771859773333,7.26553656863158,-3.07136952110607,0.00578343244191577,0.0415636011492347,-2.2291012734219,"100033446","SNORD115-9"
-1.14243141515555,8.87676998036842,-3.05520894937223,0.0060023147467727,0.0419189060462777,-2.26215065385546,"11059","WWP1"
-1.25969957047778,7.12195214384211,-3.03454223872149,0.00629389972906431,0.0421327210777439,-2.3043293907291,"100033806","SNORD115-32"
-1.04325739008889,9.191597858,-3.01165328557738,0.00663277391102059,0.042579575845282,-2.35092833390984,"286144","TRIQK"
-1.44494377916667,8.23048722278947,-3.00453694395224,0.00674166719152585,0.0428400196971645,-2.36539114866748,"80157","CWH43"
1.1457730391,5.67967051563158,2.99450062126952,0.0068981712108613,0.0429907794749634,-2.38576779005906,"143662","MUC15"
-1.00582920307778,9.15952050068421,-2.98817889596875,0.00699853919921497,0.0431210587895313,-2.39859026490756,"51635","DHRS7"
-1.09886902365555,9.16512462284211,-2.98151703782475,0.00710582717790686,0.0432254873578142,-2.41209213037684,"123036","TC2N"
-1.19700612261111,7.66611339668421,-2.96741061545781,0.00733825300187686,0.0435823251703552,-2.44064626718481,"100134276",NA
-1.32815768415555,8.59216685547368,-2.94511451421023,0.00772058240602583,0.044332897236763,-2.48567680302848,"6638","SNRPN"
-1.15377965074444,9.37829681768421,-2.87832735088514,0.00898359725325611,0.0463018885885444,-2.61979570148796,"4071","TM4SF1"
1.50106904447778,6.56498914442105,2.86728356816282,0.0092106492467733,0.0467740675615616,-2.64185842735393,"6013","RLN1"
-1.02897409236666,8.24145218189474,-2.86497022722828,0.00925890000703982,0.0468706830335037,-2.64647566355502,"57181","SLC39A10"
-1.07939421481111,9.33432002778947,-2.84131792588505,0.00976629250124453,0.0477485285543075,-2.69359832691744,"388561","ZNF761"
-1.13208569051111,7.90143489615789,-2.83610118385524,0.00988172356381191,0.0479401544900508,-2.70397053346044,"100033437","SNORD115-2"
1.0453613726,7.32448219510526,2.79942075121009,0.0107308816604229,0.0494613116114188,-2.77668006608589,"100129527","LOC100129527"
1.03020074536667,7.80857505894737,2.79627121574396,0.0108069498458855,0.0496439289583263,-2.78290495132208,"716","C1S"
