"PIP5K1A","sample","subtype","expr_group"
11.2250569737818,"TCGA-FB-AAPS-01A-12R-A39D-07","Basal-like","Low"
11.1123602501006,"TCGA-IB-AAUN-01A-12R-A38C-07","Basal-like","Low"
11.1712710410881,"TCGA-HZ-8002-01A-11R-2204-07","Basal-like","Low"
12.2420242344835,"TCGA-2J-AAB6-01A-11R-A41B-07","Basal-like","High"
11.636432467029,"TCGA-RB-AA9M-01A-11R-A39D-07","Basal-like","High"
10.9860346067022,"TCGA-2J-AAB9-01A-11R-A41B-07","Basal-like","Low"
11.0313033404446,"TCGA-FB-A4P5-01A-11R-A26U-07","Basal-like","Low"
11.2583876080818,"TCGA-XD-AAUI-01A-42R-A41B-07","Basal-like","Low"
11.3577729766073,"TCGA-IB-A5SS-01A-11R-A32O-07","Basal-like","High"
11.2823617780062,"TCGA-IB-7885-01A-11R-2156-07","Basal-like","Low"
11.6456616663483,"TCGA-FB-A545-01A-11R-A26U-07","Basal-like","High"
11.8291643578309,"TCGA-S4-A8RO-01A-12R-A37L-07","Basal-like","High"
11.9326792361601,"TCGA-IB-A7LX-01A-12R-A36G-07","Basal-like","High"
10.8422049335568,"TCGA-IB-A7M4-01A-11R-A36G-07","Basal-like","Low"
11.9672819868902,"TCGA-3A-A9IU-01A-11R-A39D-07","Basal-like","High"
11.7097010544632,"TCGA-HV-A5A3-01A-11R-A26U-07","Basal-like","High"
10.9352731478067,"TCGA-IB-AAUQ-01A-22R-A41I-07","Basal-like","Low"
11.3107450525204,"TCGA-3A-A9IZ-01A-12R-A41B-07","Basal-like","Low"
11.4686312495716,"TCGA-IB-7897-01A-21R-2204-07","Basal-like","High"
11.0049366835309,"TCGA-3A-A9IB-01A-21R-A39D-07","Basal-like","Low"
11.5368413960034,"TCGA-IB-8127-01A-11R-2404-07","Basal-like","High"
11.6913577201501,"TCGA-2J-AABU-01A-11R-A41B-07","Basal-like","High"
11.0740313718929,"TCGA-HV-AA8V-01A-11R-A41B-07","Basal-like","Low"
11.0618735587876,"TCGA-3A-A9IH-01A-12R-A39D-07","Basal-like","Low"
11.3201444550417,"TCGA-HZ-A4BH-01A-11R-A26U-07","Basal-like","High"
11.5960829800583,"TCGA-IB-A5SQ-01A-11R-A32O-07","Basal-like","High"
11.8636446222384,"TCGA-IB-A6UF-01A-23R-A33R-07","Basal-like","High"
10.9705086791562,"TCGA-F2-A8YN-01A-11R-A37L-07","Basal-like","Low"
11.5512326055109,"TCGA-H6-8124-01A-11R-2404-07","Basal-like","High"
11.2664587726995,"TCGA-3A-A9IX-01A-11R-A41B-07","Basal-like","Low"
11.4133414506837,"TCGA-XD-AAUH-01A-42R-A41B-07","Basal-like","High"
11.4093669024196,"TCGA-XN-A8T3-01A-11R-A36G-07","Basal-like","High"
11.1120687965581,"TCGA-FB-AAQ2-01A-31R-A41B-07","Basal-like","Low"
10.9978993502963,"TCGA-FB-AAQ1-01A-12R-A41B-07","Basal-like","Low"
11.4197238753728,"TCGA-2J-AABO-01A-21R-A41B-07","Basal-like","High"
11.2558234805078,"TCGA-M8-A5N4-01A-11R-A26U-07","Basal-like","Low"
11.6928729655468,"TCGA-2J-AABI-01A-12R-A41B-07","Basal-like","High"
11.3800364683386,"TCGA-IB-AAUO-01A-12R-A38C-07","Basal-like","High"
11.0743726748865,"TCGA-2L-AAQE-01A-11R-A39D-07","Basal-like","Low"
11.753409304664,"TCGA-IB-7893-01A-11R-2204-07","Basal-like","High"
11.0593768425438,"TCGA-LB-A9Q5-01A-11R-A39D-07","Basal-like","Low"
10.8287521097666,"TCGA-IB-7889-01A-11R-2156-07","Basal-like","Low"
11.0943732989642,"TCGA-FB-A5VM-01A-11R-A32O-07","Basal-like","Low"
11.4510456292454,"TCGA-YH-A8SY-01A-11R-A37L-07","Basal-like","High"
11.5245943179052,"TCGA-IB-7890-01A-12R-2204-07","Basal-like","High"
10.9251546629695,"TCGA-HZ-8001-01A-11R-2204-07","Basal-like","Low"
10.8910954681918,"TCGA-IB-AAUS-01A-12R-A38C-07","Basal-like","Low"
11.3416219858329,"TCGA-IB-AAUR-01A-21R-A38C-07","Basal-like","High"
11.0770706781088,"TCGA-2L-AAQI-01A-12R-A39D-07","Basal-like","Low"
11.4057253535345,"TCGA-HZ-A77Q-01A-11R-A36G-07","Basal-like","High"
11.0270503805226,"TCGA-HZ-A77O-01A-11R-A33R-07","Basal-like","Low"
11.2293328282408,"TCGA-2J-AABR-01A-11R-A41B-07","Basal-like","Low"
11.5064407305267,"TCGA-IB-A6UG-01A-32R-A33R-07","Basal-like","High"
11.4354934875427,"TCGA-2J-AABE-01A-12R-A41B-07","Basal-like","High"
11.0467816192231,"TCGA-XD-AAUL-01A-21R-A39D-07","Basal-like","Low"
11.3199157459477,"TCGA-XN-A8T5-01A-12R-A36G-07","Basal-like","High"
11.387495460783,"TCGA-HZ-8315-01A-11R-2404-07","Basal-like","High"
11.3865720257039,"TCGA-F2-A7TX-01A-33R-A38C-07","Basal-like","High"
11.0178331169904,"TCGA-Q3-A5QY-01A-12R-A32O-07","Basal-like","Low"
11.2487799793957,"TCGA-HZ-8005-01A-11R-2204-07","Basal-like","Low"
11.1640103813417,"TCGA-LB-A7SX-01A-11R-A33R-07","Basal-like","Low"
11.5141219767743,"TCGA-HZ-7925-01A-11R-2156-07","Basal-like","High"
11.3838324348165,"TCGA-FB-AAPZ-01A-11R-A41B-07","Basal-like","High"
12.2562010821627,"TCGA-IB-7646-01A-11R-2156-07","Basal-like","High"
10.9326379669058,"TCGA-IB-7887-01A-11R-2156-07","Basal-like","Low"
11.3806147679704,"TCGA-HZ-A8P1-01A-11R-A37L-07","Classical-like","High"
11.4534828357335,"TCGA-3A-A9I7-01A-21R-A38C-07","Classical-like","High"
11.0233225672651,"TCGA-FB-AAPY-01A-11R-A41B-07","Classical-like","Low"
11.3779733289716,"TCGA-HZ-8519-01A-11R-2404-07","Classical-like","High"
11.2595248326939,"TCGA-PZ-A5RE-01A-11R-A32O-07","Classical-like","High"
10.983019458883,"TCGA-HZ-A77P-01A-11R-A33R-07","Classical-like","Low"
11.0344696446201,"TCGA-US-A77E-01A-11R-A32O-07","Classical-like","Low"
11.620804647606,"TCGA-IB-7645-01A-22R-2204-07","Classical-like","High"
11.1534602247607,"TCGA-2J-AABF-01A-31R-A41B-07","Classical-like","Low"
11.9172160091288,"TCGA-FB-AAPU-01A-31R-A41B-07","Classical-like","High"
11.5409956882211,"TCGA-HZ-A8P0-01A-11R-A36G-07","Classical-like","High"
10.9934924020753,"TCGA-IB-A5SO-01A-11R-A32O-07","Classical-like","Low"
10.8446394512698,"TCGA-IB-7649-01A-11R-2156-07","Classical-like","Low"
11.553632308487,"TCGA-FB-AAQ6-01A-11R-A41B-07","Classical-like","High"
11.1975665173351,"TCGA-IB-7886-01A-11R-2156-07","Classical-like","Low"
11.2138538760305,"TCGA-HV-AA8X-01A-11R-A39D-07","Classical-like","High"
11.6769601720927,"TCGA-S4-A8RM-01A-11R-A37L-07","Classical-like","High"
11.5311991018022,"TCGA-IB-AAUU-01A-11R-A37L-07","Classical-like","High"
11.4783315090941,"TCGA-HZ-7919-01A-11R-2156-07","Classical-like","High"
11.0186135413469,"TCGA-IB-7652-01A-11R-2156-07","Classical-like","Low"
11.1327951989102,"TCGA-HV-A5A5-01A-11R-A26U-07","Classical-like","Low"
10.6784347292867,"TCGA-2L-AAQL-01A-11R-A38C-07","Classical-like","Low"
10.8982951720408,"TCGA-HZ-A49H-01A-11R-A26U-07","Classical-like","Low"
11.4420596018119,"TCGA-F2-A44G-01A-11R-A26U-07","Classical-like","High"
11.1367557181568,"TCGA-Q3-AA2A-01A-11R-A37L-07","Classical-like","Low"
10.9700447270225,"TCGA-HZ-A49G-01A-11R-A26U-07","Classical-like","Low"
11.4170827991869,"TCGA-3A-A9IC-01A-11R-A38C-07","Classical-like","High"
11.1710009035078,"TCGA-HZ-8003-01A-21R-2204-07","Classical-like","Low"
11.0203608470946,"TCGA-2J-AAB1-01A-11R-A41B-07","Classical-like","Low"
11.33277187054,"TCGA-Z5-AAPL-01A-12R-A41B-07","Classical-like","High"
11.3300751502802,"TCGA-HZ-7922-01A-11R-2156-07","Classical-like","High"
10.9125324177464,"TCGA-IB-AAUT-01A-11R-A37L-07","Classical-like","Low"
10.9869722722505,"TCGA-F2-6879-01A-11R-2156-07","Classical-like","Low"
11.0473627891331,"TCGA-FB-A4P6-01A-12R-A26U-07","Classical-like","Low"
11.438918528189,"TCGA-HZ-A9TJ-01A-11R-A41I-07","Classical-like","High"
11.2327573321916,"TCGA-HZ-8317-01A-11R-2404-07","Classical-like","High"
11.5241555112155,"TCGA-2J-AABH-01A-21R-A41B-07","Classical-like","High"
11.090333088321,"TCGA-3A-A9J0-01A-11R-A41B-07","Classical-like","Low"
11.2879504235417,"TCGA-IB-7891-01A-11R-2204-07","Classical-like","High"
10.9449548588383,"TCGA-IB-A5SP-01A-11R-A32O-07","Classical-like","Low"
11.5473211903583,"TCGA-YY-A8LH-01A-11R-A36G-07","Classical-like","High"
11.1544917950467,"TCGA-2L-AAQJ-01A-12R-A39D-07","Classical-like","Low"
11.242222122997,"TCGA-XD-AAUG-01A-61R-A41B-07","Classical-like","High"
10.5166291232254,"TCGA-HV-A7OL-01A-11R-A33R-07","Classical-like","Low"
11.1616939757864,"TCGA-HZ-8637-01A-11R-2404-07","Classical-like","Low"
11.4152301203685,"TCGA-FB-A78T-01A-12R-A32O-07","Classical-like","High"
11.3744602484387,"TCGA-IB-7647-01A-11R-2156-07","Classical-like","High"
11.6724893040625,"TCGA-2L-AAQA-01A-21R-A38C-07","Classical-like","High"
11.3800520676664,"TCGA-2J-AABK-01A-31R-A41B-07","Classical-like","High"
11.4854337802529,"TCGA-HV-A5A4-01A-11R-A26U-07","Classical-like","High"
11.6648768266657,"TCGA-IB-7651-01A-11R-2156-07","Classical-like","High"
11.6175481339656,"TCGA-HZ-8636-01A-21R-2404-07","Classical-like","High"
11.2043363275436,"TCGA-US-A774-01A-21R-A32O-07","Classical-like","High"
10.8891658023181,"TCGA-HZ-A49I-01A-12R-A26U-07","Classical-like","Low"
11.8162030115881,"TCGA-HZ-7926-01A-11R-2156-07","Classical-like","High"
11.5677931628658,"TCGA-2J-AAB8-01A-12R-A41B-07","Classical-like","High"
11.2168420959172,"TCGA-2J-AABT-01A-11R-A41B-07","Classical-like","High"
11.1208130181651,"TCGA-2J-AAB4-01A-12R-A41B-07","Classical-like","Low"
10.7250644024607,"TCGA-3A-A9I9-01A-11R-A38C-07","Classical-like","Low"
11.3080575241376,"TCGA-IB-8126-01A-11R-2404-07","Classical-like","High"
11.0803347517434,"TCGA-HZ-A4BK-01A-11R-A26U-07","Classical-like","Low"
10.7647988942267,"TCGA-FB-AAQ3-01A-11R-A41B-07","Classical-like","Low"
11.0751302064801,"TCGA-H6-A45N-01A-11R-A26U-07","Classical-like","Low"
11.2332140384681,"TCGA-3A-A9I5-01A-11R-A38C-07","Classical-like","High"
11.6137556575719,"TCGA-FB-AAQ0-01A-31R-A41B-07","Classical-like","High"
11.4227207953691,"TCGA-3E-AAAZ-01A-11R-A38C-07","Classical-like","High"
11.0960955999448,"TCGA-3E-AAAY-01A-11R-A38C-07","Classical-like","Low"
10.8783097822864,"TCGA-YB-A89D-01A-12R-A36G-07","Classical-like","Low"
11.1779812084345,"TCGA-S4-A8RP-01A-11R-A36G-07","Classical-like","Low"
11.7666948355328,"TCGA-FB-AAPQ-01A-11R-A41B-07","Classical-like","High"
11.7690227049941,"TCGA-LB-A8F3-01A-11R-A36G-07","Classical-like","High"
11.6668634036769,"TCGA-IB-7888-01A-11R-2156-07","Classical-like","High"
10.9183264660519,"TCGA-IB-AAUP-01A-11R-A37L-07","Classical-like","Low"
10.921375632393,"TCGA-RB-A7B8-01A-12R-A33R-07","Classical-like","Low"
11.2584265039199,"TCGA-IB-A5ST-01A-11R-A32O-07","Classical-like","High"
11.0515322737845,"TCGA-IB-AAUM-01A-11R-A37L-07","Classical-like","Low"
11.0641913247975,"TCGA-US-A779-01A-11R-A32O-07","Classical-like","Low"
10.0931369025444,"TCGA-2J-AABV-01A-12R-A41B-07","Classical-like","Low"
11.2485339923384,"TCGA-2J-AABA-01A-21R-A41B-07","Classical-like","High"
11.1219009111327,"TCGA-US-A77G-01A-11R-A32O-07","Classical-like","Low"
10.9359797443251,"TCGA-IB-7644-01A-11R-2156-07","Classical-like","Low"
11.1841478901927,"TCGA-HV-A5A6-01A-11R-A26U-07","Classical-like","Low"
11.2682344578518,"TCGA-F2-A44H-01A-11R-A26U-07","Classical-like","High"
10.5507971421662,"TCGA-OE-A75W-01A-12R-A32O-07","Classical-like","Low"
10.5239009577661,"TCGA-US-A776-01A-13R-A33R-07","Classical-like","Low"
