"sample","sample_short","sample_short10","condition","group","gene","expr"
"C2917WT_MKRN260030422-1A_23M5KWLT4_L1_C2917WT_MKRN260030422-1A_23M5KWLT4_L1","C2917WT","C2917WT_MK","control","control","AR",9.80320098990323
"C2893WT_MKRN260030423-1A_23M5KWLT4_L1_C2893WT_MKRN260030423-1A_23M5KWLT4_L1","C2893WT","C2893WT_MK","control","control","AR",10.3334137017145
"C2890WT_MKRN260030421-1A_23M5KWLT4_L1_C2890WT_MKRN260030421-1A_23M5KWLT4_L1","C2890WT","C2890WT_MK","control","control","AR",9.6142971001397
"M2915WT_MKRN260030426-1A_23M5KWLT4_L1_M2915WT_MKRN260030426-1A_23M5KWLT4_L1","M2915WT","M2915WT_MK","treated","treated","AR",10.2762241586179
"M2916WT_MKRN260030425-1A_23M5KWLT4_L1_M2916WT_MKRN260030425-1A_23M5KWLT4_L1","M2916WT","M2916WT_MK","treated","treated","AR",9.91171096777756
"M2927WT_MKRN260030424-1A_23M5KWLT4_L1_M2927WT_MKRN260030424-1A_23M5KWLT4_L1","M2927WT","M2927WT_MK","treated","treated","AR",10.2995766434934
"C2917WT_MKRN260030422-1A_23M5KWLT4_L1_C2917WT_MKRN260030422-1A_23M5KWLT4_L1","C2917WT","C2917WT_MK","control","control","NKX3-1",4.74300583880508
"C2893WT_MKRN260030423-1A_23M5KWLT4_L1_C2893WT_MKRN260030423-1A_23M5KWLT4_L1","C2893WT","C2893WT_MK","control","control","NKX3-1",5.1794538168259
"C2890WT_MKRN260030421-1A_23M5KWLT4_L1_C2890WT_MKRN260030421-1A_23M5KWLT4_L1","C2890WT","C2890WT_MK","control","control","NKX3-1",5.21452782819507
"M2915WT_MKRN260030426-1A_23M5KWLT4_L1_M2915WT_MKRN260030426-1A_23M5KWLT4_L1","M2915WT","M2915WT_MK","treated","treated","NKX3-1",5.02255519579148
"M2916WT_MKRN260030425-1A_23M5KWLT4_L1_M2916WT_MKRN260030425-1A_23M5KWLT4_L1","M2916WT","M2916WT_MK","treated","treated","NKX3-1",4.74300583880508
"M2927WT_MKRN260030424-1A_23M5KWLT4_L1_M2927WT_MKRN260030424-1A_23M5KWLT4_L1","M2927WT","M2927WT_MK","treated","treated","NKX3-1",4.74300583880508
"C2917WT_MKRN260030422-1A_23M5KWLT4_L1_C2917WT_MKRN260030422-1A_23M5KWLT4_L1","C2917WT","C2917WT_MK","control","control","TMPRSS2",4.74300583880508
"C2893WT_MKRN260030423-1A_23M5KWLT4_L1_C2893WT_MKRN260030423-1A_23M5KWLT4_L1","C2893WT","C2893WT_MK","control","control","TMPRSS2",4.74300583880508
"C2890WT_MKRN260030421-1A_23M5KWLT4_L1_C2890WT_MKRN260030421-1A_23M5KWLT4_L1","C2890WT","C2890WT_MK","control","control","TMPRSS2",4.74300583880508
"M2915WT_MKRN260030426-1A_23M5KWLT4_L1_M2915WT_MKRN260030426-1A_23M5KWLT4_L1","M2915WT","M2915WT_MK","treated","treated","TMPRSS2",4.74300583880508
"M2916WT_MKRN260030425-1A_23M5KWLT4_L1_M2916WT_MKRN260030425-1A_23M5KWLT4_L1","M2916WT","M2916WT_MK","treated","treated","TMPRSS2",4.74300583880508
"M2927WT_MKRN260030424-1A_23M5KWLT4_L1_M2927WT_MKRN260030424-1A_23M5KWLT4_L1","M2927WT","M2927WT_MK","treated","treated","TMPRSS2",5.12231174203096
"C2917WT_MKRN260030422-1A_23M5KWLT4_L1_C2917WT_MKRN260030422-1A_23M5KWLT4_L1","C2917WT","C2917WT_MK","control","control","AMACR",8.80811695438403
"C2893WT_MKRN260030423-1A_23M5KWLT4_L1_C2893WT_MKRN260030423-1A_23M5KWLT4_L1","C2893WT","C2893WT_MK","control","control","AMACR",8.96557962676263
"C2890WT_MKRN260030421-1A_23M5KWLT4_L1_C2890WT_MKRN260030421-1A_23M5KWLT4_L1","C2890WT","C2890WT_MK","control","control","AMACR",8.70196450154606
"M2915WT_MKRN260030426-1A_23M5KWLT4_L1_M2915WT_MKRN260030426-1A_23M5KWLT4_L1","M2915WT","M2915WT_MK","treated","treated","AMACR",8.85961390798663
"M2916WT_MKRN260030425-1A_23M5KWLT4_L1_M2916WT_MKRN260030425-1A_23M5KWLT4_L1","M2916WT","M2916WT_MK","treated","treated","AMACR",9.00845948868674
"M2927WT_MKRN260030424-1A_23M5KWLT4_L1_M2927WT_MKRN260030424-1A_23M5KWLT4_L1","M2927WT","M2927WT_MK","treated","treated","AMACR",9.02090123772979
"C2917WT_MKRN260030422-1A_23M5KWLT4_L1_C2917WT_MKRN260030422-1A_23M5KWLT4_L1","C2917WT","C2917WT_MK","control","control","ERG",8.54878217584015
"C2893WT_MKRN260030423-1A_23M5KWLT4_L1_C2893WT_MKRN260030423-1A_23M5KWLT4_L1","C2893WT","C2893WT_MK","control","control","ERG",8.57656495546822
"C2890WT_MKRN260030421-1A_23M5KWLT4_L1_C2890WT_MKRN260030421-1A_23M5KWLT4_L1","C2890WT","C2890WT_MK","control","control","ERG",8.38476189377395
"M2915WT_MKRN260030426-1A_23M5KWLT4_L1_M2915WT_MKRN260030426-1A_23M5KWLT4_L1","M2915WT","M2915WT_MK","treated","treated","ERG",7.48923583163833
"M2916WT_MKRN260030425-1A_23M5KWLT4_L1_M2916WT_MKRN260030425-1A_23M5KWLT4_L1","M2916WT","M2916WT_MK","treated","treated","ERG",8.07179369682568
"M2927WT_MKRN260030424-1A_23M5KWLT4_L1_M2927WT_MKRN260030424-1A_23M5KWLT4_L1","M2927WT","M2927WT_MK","treated","treated","ERG",8.78168443507942
"C2917WT_MKRN260030422-1A_23M5KWLT4_L1_C2917WT_MKRN260030422-1A_23M5KWLT4_L1","C2917WT","C2917WT_MK","control","control","MKI67",12.0940619541302
"C2893WT_MKRN260030423-1A_23M5KWLT4_L1_C2893WT_MKRN260030423-1A_23M5KWLT4_L1","C2893WT","C2893WT_MK","control","control","MKI67",12.0161419907917
"C2890WT_MKRN260030421-1A_23M5KWLT4_L1_C2890WT_MKRN260030421-1A_23M5KWLT4_L1","C2890WT","C2890WT_MK","control","control","MKI67",12.1969525963154
"M2915WT_MKRN260030426-1A_23M5KWLT4_L1_M2915WT_MKRN260030426-1A_23M5KWLT4_L1","M2915WT","M2915WT_MK","treated","treated","MKI67",11.5625369089388
"M2916WT_MKRN260030425-1A_23M5KWLT4_L1_M2916WT_MKRN260030425-1A_23M5KWLT4_L1","M2916WT","M2916WT_MK","treated","treated","MKI67",12.3591496425361
"M2927WT_MKRN260030424-1A_23M5KWLT4_L1_M2927WT_MKRN260030424-1A_23M5KWLT4_L1","M2927WT","M2927WT_MK","treated","treated","MKI67",12.7938159305042
"C2917WT_MKRN260030422-1A_23M5KWLT4_L1_C2917WT_MKRN260030422-1A_23M5KWLT4_L1","C2917WT","C2917WT_MK","control","control","CDH1",5.88657609561585
"C2893WT_MKRN260030423-1A_23M5KWLT4_L1_C2893WT_MKRN260030423-1A_23M5KWLT4_L1","C2893WT","C2893WT_MK","control","control","CDH1",6.21670038402733
"C2890WT_MKRN260030421-1A_23M5KWLT4_L1_C2890WT_MKRN260030421-1A_23M5KWLT4_L1","C2890WT","C2890WT_MK","control","control","CDH1",6.28612014517381
"M2915WT_MKRN260030426-1A_23M5KWLT4_L1_M2915WT_MKRN260030426-1A_23M5KWLT4_L1","M2915WT","M2915WT_MK","treated","treated","CDH1",6.50889446762946
"M2916WT_MKRN260030425-1A_23M5KWLT4_L1_M2916WT_MKRN260030425-1A_23M5KWLT4_L1","M2916WT","M2916WT_MK","treated","treated","CDH1",6.8128294228298
"M2927WT_MKRN260030424-1A_23M5KWLT4_L1_M2927WT_MKRN260030424-1A_23M5KWLT4_L1","M2927WT","M2927WT_MK","treated","treated","CDH1",6.20167329018691
"C2917WT_MKRN260030422-1A_23M5KWLT4_L1_C2917WT_MKRN260030422-1A_23M5KWLT4_L1","C2917WT","C2917WT_MK","control","control","VIM",17.4842397117957
"C2893WT_MKRN260030423-1A_23M5KWLT4_L1_C2893WT_MKRN260030423-1A_23M5KWLT4_L1","C2893WT","C2893WT_MK","control","control","VIM",16.9645337577004
"C2890WT_MKRN260030421-1A_23M5KWLT4_L1_C2890WT_MKRN260030421-1A_23M5KWLT4_L1","C2890WT","C2890WT_MK","control","control","VIM",16.8818963113465
"M2915WT_MKRN260030426-1A_23M5KWLT4_L1_M2915WT_MKRN260030426-1A_23M5KWLT4_L1","M2915WT","M2915WT_MK","treated","treated","VIM",16.6535278136077
"M2916WT_MKRN260030425-1A_23M5KWLT4_L1_M2916WT_MKRN260030425-1A_23M5KWLT4_L1","M2916WT","M2916WT_MK","treated","treated","VIM",17.1672776220526
"M2927WT_MKRN260030424-1A_23M5KWLT4_L1_M2927WT_MKRN260030424-1A_23M5KWLT4_L1","M2927WT","M2927WT_MK","treated","treated","VIM",17.1216608693016
"C2917WT_MKRN260030422-1A_23M5KWLT4_L1_C2917WT_MKRN260030422-1A_23M5KWLT4_L1","C2917WT","C2917WT_MK","control","control","AURKA",10.2841120885775
"C2893WT_MKRN260030423-1A_23M5KWLT4_L1_C2893WT_MKRN260030423-1A_23M5KWLT4_L1","C2893WT","C2893WT_MK","control","control","AURKA",10.4960785347588
"C2890WT_MKRN260030421-1A_23M5KWLT4_L1_C2890WT_MKRN260030421-1A_23M5KWLT4_L1","C2890WT","C2890WT_MK","control","control","AURKA",10.6679786113869
"M2915WT_MKRN260030426-1A_23M5KWLT4_L1_M2915WT_MKRN260030426-1A_23M5KWLT4_L1","M2915WT","M2915WT_MK","treated","treated","AURKA",9.62188136129695
"M2916WT_MKRN260030425-1A_23M5KWLT4_L1_M2916WT_MKRN260030425-1A_23M5KWLT4_L1","M2916WT","M2916WT_MK","treated","treated","AURKA",10.3178394504921
"M2927WT_MKRN260030424-1A_23M5KWLT4_L1_M2927WT_MKRN260030424-1A_23M5KWLT4_L1","M2927WT","M2927WT_MK","treated","treated","AURKA",10.7869854785121
"C2917WT_MKRN260030422-1A_23M5KWLT4_L1_C2917WT_MKRN260030422-1A_23M5KWLT4_L1","C2917WT","C2917WT_MK","control","control","BRCA1",9.26630172038046
"C2893WT_MKRN260030423-1A_23M5KWLT4_L1_C2893WT_MKRN260030423-1A_23M5KWLT4_L1","C2893WT","C2893WT_MK","control","control","BRCA1",9.6661593526347
"C2890WT_MKRN260030421-1A_23M5KWLT4_L1_C2890WT_MKRN260030421-1A_23M5KWLT4_L1","C2890WT","C2890WT_MK","control","control","BRCA1",9.93694812209841
"M2915WT_MKRN260030426-1A_23M5KWLT4_L1_M2915WT_MKRN260030426-1A_23M5KWLT4_L1","M2915WT","M2915WT_MK","treated","treated","BRCA1",9.24818689568243
"M2916WT_MKRN260030425-1A_23M5KWLT4_L1_M2916WT_MKRN260030425-1A_23M5KWLT4_L1","M2916WT","M2916WT_MK","treated","treated","BRCA1",9.22593920296273
"M2927WT_MKRN260030424-1A_23M5KWLT4_L1_M2927WT_MKRN260030424-1A_23M5KWLT4_L1","M2927WT","M2927WT_MK","treated","treated","BRCA1",9.93659140614791
"C2917WT_MKRN260030422-1A_23M5KWLT4_L1_C2917WT_MKRN260030422-1A_23M5KWLT4_L1","C2917WT","C2917WT_MK","control","control","BRCA2",9.12593247027237
"C2893WT_MKRN260030423-1A_23M5KWLT4_L1_C2893WT_MKRN260030423-1A_23M5KWLT4_L1","C2893WT","C2893WT_MK","control","control","BRCA2",9.06230354720427
"C2890WT_MKRN260030421-1A_23M5KWLT4_L1_C2890WT_MKRN260030421-1A_23M5KWLT4_L1","C2890WT","C2890WT_MK","control","control","BRCA2",9.10733270594814
"M2915WT_MKRN260030426-1A_23M5KWLT4_L1_M2915WT_MKRN260030426-1A_23M5KWLT4_L1","M2915WT","M2915WT_MK","treated","treated","BRCA2",9.06972621762849
"M2916WT_MKRN260030425-1A_23M5KWLT4_L1_M2916WT_MKRN260030425-1A_23M5KWLT4_L1","M2916WT","M2916WT_MK","treated","treated","BRCA2",9.08919056412623
"M2927WT_MKRN260030424-1A_23M5KWLT4_L1_M2927WT_MKRN260030424-1A_23M5KWLT4_L1","M2927WT","M2927WT_MK","treated","treated","BRCA2",9.118592904048
"C2917WT_MKRN260030422-1A_23M5KWLT4_L1_C2917WT_MKRN260030422-1A_23M5KWLT4_L1","C2917WT","C2917WT_MK","control","control","MYC",14.4874232643283
"C2893WT_MKRN260030423-1A_23M5KWLT4_L1_C2893WT_MKRN260030423-1A_23M5KWLT4_L1","C2893WT","C2893WT_MK","control","control","MYC",13.667087449594
"C2890WT_MKRN260030421-1A_23M5KWLT4_L1_C2890WT_MKRN260030421-1A_23M5KWLT4_L1","C2890WT","C2890WT_MK","control","control","MYC",13.3889695494504
"M2915WT_MKRN260030426-1A_23M5KWLT4_L1_M2915WT_MKRN260030426-1A_23M5KWLT4_L1","M2915WT","M2915WT_MK","treated","treated","MYC",13.724652806321
"M2916WT_MKRN260030425-1A_23M5KWLT4_L1_M2916WT_MKRN260030425-1A_23M5KWLT4_L1","M2916WT","M2916WT_MK","treated","treated","MYC",13.925259856372
"M2927WT_MKRN260030424-1A_23M5KWLT4_L1_M2927WT_MKRN260030424-1A_23M5KWLT4_L1","M2927WT","M2927WT_MK","treated","treated","MYC",13.9397149893115
"C2917WT_MKRN260030422-1A_23M5KWLT4_L1_C2917WT_MKRN260030422-1A_23M5KWLT4_L1","C2917WT","C2917WT_MK","control","control","PTEN",11.7187227251221
"C2893WT_MKRN260030423-1A_23M5KWLT4_L1_C2893WT_MKRN260030423-1A_23M5KWLT4_L1","C2893WT","C2893WT_MK","control","control","PTEN",11.6215625663756
"C2890WT_MKRN260030421-1A_23M5KWLT4_L1_C2890WT_MKRN260030421-1A_23M5KWLT4_L1","C2890WT","C2890WT_MK","control","control","PTEN",11.6649962976683
"M2915WT_MKRN260030426-1A_23M5KWLT4_L1_M2915WT_MKRN260030426-1A_23M5KWLT4_L1","M2915WT","M2915WT_MK","treated","treated","PTEN",11.4577893116524
"M2916WT_MKRN260030425-1A_23M5KWLT4_L1_M2916WT_MKRN260030425-1A_23M5KWLT4_L1","M2916WT","M2916WT_MK","treated","treated","PTEN",11.233170646373
"M2927WT_MKRN260030424-1A_23M5KWLT4_L1_M2927WT_MKRN260030424-1A_23M5KWLT4_L1","M2927WT","M2927WT_MK","treated","treated","PTEN",11.4441472131335
"C2917WT_MKRN260030422-1A_23M5KWLT4_L1_C2917WT_MKRN260030422-1A_23M5KWLT4_L1","C2917WT","C2917WT_MK","control","control","RB1",8.97762639043675
"C2893WT_MKRN260030423-1A_23M5KWLT4_L1_C2893WT_MKRN260030423-1A_23M5KWLT4_L1","C2893WT","C2893WT_MK","control","control","RB1",9.20022170045076
"C2890WT_MKRN260030421-1A_23M5KWLT4_L1_C2890WT_MKRN260030421-1A_23M5KWLT4_L1","C2890WT","C2890WT_MK","control","control","RB1",9.18824687260761
"M2915WT_MKRN260030426-1A_23M5KWLT4_L1_M2915WT_MKRN260030426-1A_23M5KWLT4_L1","M2915WT","M2915WT_MK","treated","treated","RB1",9.3022967299106
"M2916WT_MKRN260030425-1A_23M5KWLT4_L1_M2916WT_MKRN260030425-1A_23M5KWLT4_L1","M2916WT","M2916WT_MK","treated","treated","RB1",9.3257598630665
"M2927WT_MKRN260030424-1A_23M5KWLT4_L1_M2927WT_MKRN260030424-1A_23M5KWLT4_L1","M2927WT","M2927WT_MK","treated","treated","RB1",9.15210122083273
"C2917WT_MKRN260030422-1A_23M5KWLT4_L1_C2917WT_MKRN260030422-1A_23M5KWLT4_L1","C2917WT","C2917WT_MK","control","control","TTF1",8.8799004852774
"C2893WT_MKRN260030423-1A_23M5KWLT4_L1_C2893WT_MKRN260030423-1A_23M5KWLT4_L1","C2893WT","C2893WT_MK","control","control","TTF1",9.03305580894658
"C2890WT_MKRN260030421-1A_23M5KWLT4_L1_C2890WT_MKRN260030421-1A_23M5KWLT4_L1","C2890WT","C2890WT_MK","control","control","TTF1",9.1714600370264
"M2915WT_MKRN260030426-1A_23M5KWLT4_L1_M2915WT_MKRN260030426-1A_23M5KWLT4_L1","M2915WT","M2915WT_MK","treated","treated","TTF1",9.11777616641954
"M2916WT_MKRN260030425-1A_23M5KWLT4_L1_M2916WT_MKRN260030425-1A_23M5KWLT4_L1","M2916WT","M2916WT_MK","treated","treated","TTF1",8.8057921914309
"M2927WT_MKRN260030424-1A_23M5KWLT4_L1_M2927WT_MKRN260030424-1A_23M5KWLT4_L1","M2927WT","M2927WT_MK","treated","treated","TTF1",9.27665833056554
"C2917WT_MKRN260030422-1A_23M5KWLT4_L1_C2917WT_MKRN260030422-1A_23M5KWLT4_L1","C2917WT","C2917WT_MK","control","control","INSM1",5.18491006459463
"C2893WT_MKRN260030423-1A_23M5KWLT4_L1_C2893WT_MKRN260030423-1A_23M5KWLT4_L1","C2893WT","C2893WT_MK","control","control","INSM1",5.3579275267403
"C2890WT_MKRN260030421-1A_23M5KWLT4_L1_C2890WT_MKRN260030421-1A_23M5KWLT4_L1","C2890WT","C2890WT_MK","control","control","INSM1",5.50745523266119
"M2915WT_MKRN260030426-1A_23M5KWLT4_L1_M2915WT_MKRN260030426-1A_23M5KWLT4_L1","M2915WT","M2915WT_MK","treated","treated","INSM1",5.22570276440214
"M2916WT_MKRN260030425-1A_23M5KWLT4_L1_M2916WT_MKRN260030425-1A_23M5KWLT4_L1","M2916WT","M2916WT_MK","treated","treated","INSM1",5.22827945224309
"M2927WT_MKRN260030424-1A_23M5KWLT4_L1_M2927WT_MKRN260030424-1A_23M5KWLT4_L1","M2927WT","M2927WT_MK","treated","treated","INSM1",4.74300583880508
"C2917WT_MKRN260030422-1A_23M5KWLT4_L1_C2917WT_MKRN260030422-1A_23M5KWLT4_L1","C2917WT","C2917WT_MK","control","control","ACP3",10.7571260853093
"C2893WT_MKRN260030423-1A_23M5KWLT4_L1_C2893WT_MKRN260030423-1A_23M5KWLT4_L1","C2893WT","C2893WT_MK","control","control","ACP3",11.2099658534806
"C2890WT_MKRN260030421-1A_23M5KWLT4_L1_C2890WT_MKRN260030421-1A_23M5KWLT4_L1","C2890WT","C2890WT_MK","control","control","ACP3",11.350014167795
"M2915WT_MKRN260030426-1A_23M5KWLT4_L1_M2915WT_MKRN260030426-1A_23M5KWLT4_L1","M2915WT","M2915WT_MK","treated","treated","ACP3",9.5556697261247
"M2916WT_MKRN260030425-1A_23M5KWLT4_L1_M2916WT_MKRN260030425-1A_23M5KWLT4_L1","M2916WT","M2916WT_MK","treated","treated","ACP3",10.1964302941925
"M2927WT_MKRN260030424-1A_23M5KWLT4_L1_M2927WT_MKRN260030424-1A_23M5KWLT4_L1","M2927WT","M2927WT_MK","treated","treated","ACP3",10.8073674636354
"C2917WT_MKRN260030422-1A_23M5KWLT4_L1_C2917WT_MKRN260030422-1A_23M5KWLT4_L1","C2917WT","C2917WT_MK","control","control","CHGA",7.47076048578308
"C2893WT_MKRN260030423-1A_23M5KWLT4_L1_C2893WT_MKRN260030423-1A_23M5KWLT4_L1","C2893WT","C2893WT_MK","control","control","CHGA",6.25280342190961
"C2890WT_MKRN260030421-1A_23M5KWLT4_L1_C2890WT_MKRN260030421-1A_23M5KWLT4_L1","C2890WT","C2890WT_MK","control","control","CHGA",7.8897470803594
"M2915WT_MKRN260030426-1A_23M5KWLT4_L1_M2915WT_MKRN260030426-1A_23M5KWLT4_L1","M2915WT","M2915WT_MK","treated","treated","CHGA",5.36426426779546
"M2916WT_MKRN260030425-1A_23M5KWLT4_L1_M2916WT_MKRN260030425-1A_23M5KWLT4_L1","M2916WT","M2916WT_MK","treated","treated","CHGA",6.3877344083975
"M2927WT_MKRN260030424-1A_23M5KWLT4_L1_M2927WT_MKRN260030424-1A_23M5KWLT4_L1","M2927WT","M2927WT_MK","treated","treated","CHGA",6.54457047218508
"C2917WT_MKRN260030422-1A_23M5KWLT4_L1_C2917WT_MKRN260030422-1A_23M5KWLT4_L1","C2917WT","C2917WT_MK","control","control","CHGB",4.74300583880508
"C2893WT_MKRN260030423-1A_23M5KWLT4_L1_C2893WT_MKRN260030423-1A_23M5KWLT4_L1","C2893WT","C2893WT_MK","control","control","CHGB",5.24633990722894
"C2890WT_MKRN260030421-1A_23M5KWLT4_L1_C2890WT_MKRN260030421-1A_23M5KWLT4_L1","C2890WT","C2890WT_MK","control","control","CHGB",5.01604480744752
"M2915WT_MKRN260030426-1A_23M5KWLT4_L1_M2915WT_MKRN260030426-1A_23M5KWLT4_L1","M2915WT","M2915WT_MK","treated","treated","CHGB",4.74300583880508
"M2916WT_MKRN260030425-1A_23M5KWLT4_L1_M2916WT_MKRN260030425-1A_23M5KWLT4_L1","M2916WT","M2916WT_MK","treated","treated","CHGB",4.74300583880508
"M2927WT_MKRN260030424-1A_23M5KWLT4_L1_M2927WT_MKRN260030424-1A_23M5KWLT4_L1","M2927WT","M2927WT_MK","treated","treated","CHGB",5.12231174203096
"C2917WT_MKRN260030422-1A_23M5KWLT4_L1_C2917WT_MKRN260030422-1A_23M5KWLT4_L1","C2917WT","C2917WT_MK","control","control","TFRC",11.5290123117942
"C2893WT_MKRN260030423-1A_23M5KWLT4_L1_C2893WT_MKRN260030423-1A_23M5KWLT4_L1","C2893WT","C2893WT_MK","control","control","TFRC",12.1832714699143
"C2890WT_MKRN260030421-1A_23M5KWLT4_L1_C2890WT_MKRN260030421-1A_23M5KWLT4_L1","C2890WT","C2890WT_MK","control","control","TFRC",13.0738347602698
"M2915WT_MKRN260030426-1A_23M5KWLT4_L1_M2915WT_MKRN260030426-1A_23M5KWLT4_L1","M2915WT","M2915WT_MK","treated","treated","TFRC",11.8895865904682
"M2916WT_MKRN260030425-1A_23M5KWLT4_L1_M2916WT_MKRN260030425-1A_23M5KWLT4_L1","M2916WT","M2916WT_MK","treated","treated","TFRC",11.5579058662653
"M2927WT_MKRN260030424-1A_23M5KWLT4_L1_M2927WT_MKRN260030424-1A_23M5KWLT4_L1","M2927WT","M2927WT_MK","treated","treated","TFRC",11.1623775960382
"C2917WT_MKRN260030422-1A_23M5KWLT4_L1_C2917WT_MKRN260030422-1A_23M5KWLT4_L1","C2917WT","C2917WT_MK","control","control","NCAM1",10.3653183720136
"C2893WT_MKRN260030423-1A_23M5KWLT4_L1_C2893WT_MKRN260030423-1A_23M5KWLT4_L1","C2893WT","C2893WT_MK","control","control","NCAM1",10.2597366471618
"C2890WT_MKRN260030421-1A_23M5KWLT4_L1_C2890WT_MKRN260030421-1A_23M5KWLT4_L1","C2890WT","C2890WT_MK","control","control","NCAM1",10.1065212192699
"M2915WT_MKRN260030426-1A_23M5KWLT4_L1_M2915WT_MKRN260030426-1A_23M5KWLT4_L1","M2915WT","M2915WT_MK","treated","treated","NCAM1",10.5237108315433
"M2916WT_MKRN260030425-1A_23M5KWLT4_L1_M2916WT_MKRN260030425-1A_23M5KWLT4_L1","M2916WT","M2916WT_MK","treated","treated","NCAM1",10.3293219535808
"M2927WT_MKRN260030424-1A_23M5KWLT4_L1_M2927WT_MKRN260030424-1A_23M5KWLT4_L1","M2927WT","M2927WT_MK","treated","treated","NCAM1",10.6057647604315
"C2917WT_MKRN260030422-1A_23M5KWLT4_L1_C2917WT_MKRN260030422-1A_23M5KWLT4_L1","C2917WT","C2917WT_MK","control","control","SCG2",4.74300583880508
"C2893WT_MKRN260030423-1A_23M5KWLT4_L1_C2893WT_MKRN260030423-1A_23M5KWLT4_L1","C2893WT","C2893WT_MK","control","control","SCG2",4.74300583880508
"C2890WT_MKRN260030421-1A_23M5KWLT4_L1_C2890WT_MKRN260030421-1A_23M5KWLT4_L1","C2890WT","C2890WT_MK","control","control","SCG2",5.01604480744752
"M2915WT_MKRN260030426-1A_23M5KWLT4_L1_M2915WT_MKRN260030426-1A_23M5KWLT4_L1","M2915WT","M2915WT_MK","treated","treated","SCG2",4.74300583880508
"M2916WT_MKRN260030425-1A_23M5KWLT4_L1_M2916WT_MKRN260030425-1A_23M5KWLT4_L1","M2916WT","M2916WT_MK","treated","treated","SCG2",4.74300583880508
"M2927WT_MKRN260030424-1A_23M5KWLT4_L1_M2927WT_MKRN260030424-1A_23M5KWLT4_L1","M2927WT","M2927WT_MK","treated","treated","SCG2",5.01160069428371
"C2917WT_MKRN260030422-1A_23M5KWLT4_L1_C2917WT_MKRN260030422-1A_23M5KWLT4_L1","C2917WT","C2917WT_MK","control","control","SYP",4.74300583880508
"C2893WT_MKRN260030423-1A_23M5KWLT4_L1_C2893WT_MKRN260030423-1A_23M5KWLT4_L1","C2893WT","C2893WT_MK","control","control","SYP",5.60629662045504
"C2890WT_MKRN260030421-1A_23M5KWLT4_L1_C2890WT_MKRN260030421-1A_23M5KWLT4_L1","C2890WT","C2890WT_MK","control","control","SYP",6.03863492586092
"M2915WT_MKRN260030426-1A_23M5KWLT4_L1_M2915WT_MKRN260030426-1A_23M5KWLT4_L1","M2915WT","M2915WT_MK","treated","treated","SYP",5.8033619157566
"M2916WT_MKRN260030425-1A_23M5KWLT4_L1_M2916WT_MKRN260030425-1A_23M5KWLT4_L1","M2916WT","M2916WT_MK","treated","treated","SYP",5.57587835134456
"M2927WT_MKRN260030424-1A_23M5KWLT4_L1_M2927WT_MKRN260030424-1A_23M5KWLT4_L1","M2927WT","M2927WT_MK","treated","treated","SYP",5.621486505014
"C2917WT_MKRN260030422-1A_23M5KWLT4_L1_C2917WT_MKRN260030422-1A_23M5KWLT4_L1","C2917WT","C2917WT_MK","control","control","FOLH1",4.74300583880508
"C2893WT_MKRN260030423-1A_23M5KWLT4_L1_C2893WT_MKRN260030423-1A_23M5KWLT4_L1","C2893WT","C2893WT_MK","control","control","FOLH1",4.74300583880508
"C2890WT_MKRN260030421-1A_23M5KWLT4_L1_C2890WT_MKRN260030421-1A_23M5KWLT4_L1","C2890WT","C2890WT_MK","control","control","FOLH1",5.01604480744752
"M2915WT_MKRN260030426-1A_23M5KWLT4_L1_M2915WT_MKRN260030426-1A_23M5KWLT4_L1","M2915WT","M2915WT_MK","treated","treated","FOLH1",5.02255519579148
"M2916WT_MKRN260030425-1A_23M5KWLT4_L1_M2916WT_MKRN260030425-1A_23M5KWLT4_L1","M2916WT","M2916WT_MK","treated","treated","FOLH1",5.22827945224309
"M2927WT_MKRN260030424-1A_23M5KWLT4_L1_M2927WT_MKRN260030424-1A_23M5KWLT4_L1","M2927WT","M2927WT_MK","treated","treated","FOLH1",5.20689693978366
