"sample_full","sample","PIP5K1A","subtype_code","subtype","median_cutoff","expr_group"
"TCGA-FB-AAPS-01A-12R-A39D-07","TCGA-FB-AAPS",11.2250569737818,1,"Basal-like",11.3199157459477,"Low"
"TCGA-IB-AAUN-01A-12R-A38C-07","TCGA-IB-AAUN",11.1123602501006,1,"Basal-like",11.3199157459477,"Low"
"TCGA-HZ-8002-01A-11R-2204-07","TCGA-HZ-8002",11.1712710410881,1,"Basal-like",11.3199157459477,"Low"
"TCGA-2J-AAB6-01A-11R-A41B-07","TCGA-2J-AAB6",12.2420242344835,1,"Basal-like",11.3199157459477,"High"
"TCGA-RB-AA9M-01A-11R-A39D-07","TCGA-RB-AA9M",11.636432467029,1,"Basal-like",11.3199157459477,"High"
"TCGA-2J-AAB9-01A-11R-A41B-07","TCGA-2J-AAB9",10.9860346067022,1,"Basal-like",11.3199157459477,"Low"
"TCGA-FB-A4P5-01A-11R-A26U-07","TCGA-FB-A4P5",11.0313033404446,1,"Basal-like",11.3199157459477,"Low"
"TCGA-XD-AAUI-01A-42R-A41B-07","TCGA-XD-AAUI",11.2583876080818,1,"Basal-like",11.3199157459477,"Low"
"TCGA-IB-A5SS-01A-11R-A32O-07","TCGA-IB-A5SS",11.3577729766073,1,"Basal-like",11.3199157459477,"High"
"TCGA-IB-7885-01A-11R-2156-07","TCGA-IB-7885",11.2823617780062,1,"Basal-like",11.3199157459477,"Low"
"TCGA-FB-A545-01A-11R-A26U-07","TCGA-FB-A545",11.6456616663483,1,"Basal-like",11.3199157459477,"High"
"TCGA-S4-A8RO-01A-12R-A37L-07","TCGA-S4-A8RO",11.8291643578309,1,"Basal-like",11.3199157459477,"High"
"TCGA-IB-A7LX-01A-12R-A36G-07","TCGA-IB-A7LX",11.9326792361601,1,"Basal-like",11.3199157459477,"High"
"TCGA-IB-A7M4-01A-11R-A36G-07","TCGA-IB-A7M4",10.8422049335568,1,"Basal-like",11.3199157459477,"Low"
"TCGA-3A-A9IU-01A-11R-A39D-07","TCGA-3A-A9IU",11.9672819868902,1,"Basal-like",11.3199157459477,"High"
"TCGA-HV-A5A3-01A-11R-A26U-07","TCGA-HV-A5A3",11.7097010544632,1,"Basal-like",11.3199157459477,"High"
"TCGA-IB-AAUQ-01A-22R-A41I-07","TCGA-IB-AAUQ",10.9352731478067,1,"Basal-like",11.3199157459477,"Low"
"TCGA-3A-A9IZ-01A-12R-A41B-07","TCGA-3A-A9IZ",11.3107450525204,1,"Basal-like",11.3199157459477,"Low"
"TCGA-IB-7897-01A-21R-2204-07","TCGA-IB-7897",11.4686312495716,1,"Basal-like",11.3199157459477,"High"
"TCGA-3A-A9IB-01A-21R-A39D-07","TCGA-3A-A9IB",11.0049366835309,1,"Basal-like",11.3199157459477,"Low"
"TCGA-IB-8127-01A-11R-2404-07","TCGA-IB-8127",11.5368413960034,1,"Basal-like",11.3199157459477,"High"
"TCGA-2J-AABU-01A-11R-A41B-07","TCGA-2J-AABU",11.6913577201501,1,"Basal-like",11.3199157459477,"High"
"TCGA-HV-AA8V-01A-11R-A41B-07","TCGA-HV-AA8V",11.0740313718929,1,"Basal-like",11.3199157459477,"Low"
"TCGA-3A-A9IH-01A-12R-A39D-07","TCGA-3A-A9IH",11.0618735587876,1,"Basal-like",11.3199157459477,"Low"
"TCGA-HZ-A4BH-01A-11R-A26U-07","TCGA-HZ-A4BH",11.3201444550417,1,"Basal-like",11.3199157459477,"High"
"TCGA-IB-A5SQ-01A-11R-A32O-07","TCGA-IB-A5SQ",11.5960829800583,1,"Basal-like",11.3199157459477,"High"
"TCGA-IB-A6UF-01A-23R-A33R-07","TCGA-IB-A6UF",11.8636446222384,1,"Basal-like",11.3199157459477,"High"
"TCGA-F2-A8YN-01A-11R-A37L-07","TCGA-F2-A8YN",10.9705086791562,1,"Basal-like",11.3199157459477,"Low"
"TCGA-H6-8124-01A-11R-2404-07","TCGA-H6-8124",11.5512326055109,1,"Basal-like",11.3199157459477,"High"
"TCGA-3A-A9IX-01A-11R-A41B-07","TCGA-3A-A9IX",11.2664587726995,1,"Basal-like",11.3199157459477,"Low"
"TCGA-XD-AAUH-01A-42R-A41B-07","TCGA-XD-AAUH",11.4133414506837,1,"Basal-like",11.3199157459477,"High"
"TCGA-XN-A8T3-01A-11R-A36G-07","TCGA-XN-A8T3",11.4093669024196,1,"Basal-like",11.3199157459477,"High"
"TCGA-FB-AAQ2-01A-31R-A41B-07","TCGA-FB-AAQ2",11.1120687965581,1,"Basal-like",11.3199157459477,"Low"
"TCGA-FB-AAQ1-01A-12R-A41B-07","TCGA-FB-AAQ1",10.9978993502963,1,"Basal-like",11.3199157459477,"Low"
"TCGA-2J-AABO-01A-21R-A41B-07","TCGA-2J-AABO",11.4197238753728,1,"Basal-like",11.3199157459477,"High"
"TCGA-M8-A5N4-01A-11R-A26U-07","TCGA-M8-A5N4",11.2558234805078,1,"Basal-like",11.3199157459477,"Low"
"TCGA-2J-AABI-01A-12R-A41B-07","TCGA-2J-AABI",11.6928729655468,1,"Basal-like",11.3199157459477,"High"
"TCGA-IB-AAUO-01A-12R-A38C-07","TCGA-IB-AAUO",11.3800364683386,1,"Basal-like",11.3199157459477,"High"
"TCGA-2L-AAQE-01A-11R-A39D-07","TCGA-2L-AAQE",11.0743726748865,1,"Basal-like",11.3199157459477,"Low"
"TCGA-IB-7893-01A-11R-2204-07","TCGA-IB-7893",11.753409304664,1,"Basal-like",11.3199157459477,"High"
"TCGA-LB-A9Q5-01A-11R-A39D-07","TCGA-LB-A9Q5",11.0593768425438,1,"Basal-like",11.3199157459477,"Low"
"TCGA-IB-7889-01A-11R-2156-07","TCGA-IB-7889",10.8287521097666,1,"Basal-like",11.3199157459477,"Low"
"TCGA-FB-A5VM-01A-11R-A32O-07","TCGA-FB-A5VM",11.0943732989642,1,"Basal-like",11.3199157459477,"Low"
"TCGA-YH-A8SY-01A-11R-A37L-07","TCGA-YH-A8SY",11.4510456292454,1,"Basal-like",11.3199157459477,"High"
"TCGA-IB-7890-01A-12R-2204-07","TCGA-IB-7890",11.5245943179052,1,"Basal-like",11.3199157459477,"High"
"TCGA-HZ-8001-01A-11R-2204-07","TCGA-HZ-8001",10.9251546629695,1,"Basal-like",11.3199157459477,"Low"
"TCGA-IB-AAUS-01A-12R-A38C-07","TCGA-IB-AAUS",10.8910954681918,1,"Basal-like",11.3199157459477,"Low"
"TCGA-IB-AAUR-01A-21R-A38C-07","TCGA-IB-AAUR",11.3416219858329,1,"Basal-like",11.3199157459477,"High"
"TCGA-2L-AAQI-01A-12R-A39D-07","TCGA-2L-AAQI",11.0770706781088,1,"Basal-like",11.3199157459477,"Low"
"TCGA-HZ-A77Q-01A-11R-A36G-07","TCGA-HZ-A77Q",11.4057253535345,1,"Basal-like",11.3199157459477,"High"
"TCGA-HZ-A77O-01A-11R-A33R-07","TCGA-HZ-A77O",11.0270503805226,1,"Basal-like",11.3199157459477,"Low"
"TCGA-2J-AABR-01A-11R-A41B-07","TCGA-2J-AABR",11.2293328282408,1,"Basal-like",11.3199157459477,"Low"
"TCGA-IB-A6UG-01A-32R-A33R-07","TCGA-IB-A6UG",11.5064407305267,1,"Basal-like",11.3199157459477,"High"
"TCGA-2J-AABE-01A-12R-A41B-07","TCGA-2J-AABE",11.4354934875427,1,"Basal-like",11.3199157459477,"High"
"TCGA-XD-AAUL-01A-21R-A39D-07","TCGA-XD-AAUL",11.0467816192231,1,"Basal-like",11.3199157459477,"Low"
"TCGA-XN-A8T5-01A-12R-A36G-07","TCGA-XN-A8T5",11.3199157459477,1,"Basal-like",11.3199157459477,"High"
"TCGA-HZ-8315-01A-11R-2404-07","TCGA-HZ-8315",11.387495460783,1,"Basal-like",11.3199157459477,"High"
"TCGA-F2-A7TX-01A-33R-A38C-07","TCGA-F2-A7TX",11.3865720257039,1,"Basal-like",11.3199157459477,"High"
"TCGA-Q3-A5QY-01A-12R-A32O-07","TCGA-Q3-A5QY",11.0178331169904,1,"Basal-like",11.3199157459477,"Low"
"TCGA-HZ-8005-01A-11R-2204-07","TCGA-HZ-8005",11.2487799793957,1,"Basal-like",11.3199157459477,"Low"
"TCGA-LB-A7SX-01A-11R-A33R-07","TCGA-LB-A7SX",11.1640103813417,1,"Basal-like",11.3199157459477,"Low"
"TCGA-HZ-7925-01A-11R-2156-07","TCGA-HZ-7925",11.5141219767743,1,"Basal-like",11.3199157459477,"High"
"TCGA-FB-AAPZ-01A-11R-A41B-07","TCGA-FB-AAPZ",11.3838324348165,1,"Basal-like",11.3199157459477,"High"
"TCGA-IB-7646-01A-11R-2156-07","TCGA-IB-7646",12.2562010821627,1,"Basal-like",11.3199157459477,"High"
"TCGA-IB-7887-01A-11R-2156-07","TCGA-IB-7887",10.9326379669058,1,"Basal-like",11.3199157459477,"Low"
"TCGA-HZ-A8P1-01A-11R-A37L-07","TCGA-HZ-A8P1",11.3806147679704,2,"Classical-like",11.2043363275436,"High"
"TCGA-3A-A9I7-01A-21R-A38C-07","TCGA-3A-A9I7",11.4534828357335,2,"Classical-like",11.2043363275436,"High"
"TCGA-FB-AAPY-01A-11R-A41B-07","TCGA-FB-AAPY",11.0233225672651,2,"Classical-like",11.2043363275436,"Low"
"TCGA-HZ-8519-01A-11R-2404-07","TCGA-HZ-8519",11.3779733289716,2,"Classical-like",11.2043363275436,"High"
"TCGA-PZ-A5RE-01A-11R-A32O-07","TCGA-PZ-A5RE",11.2595248326939,2,"Classical-like",11.2043363275436,"High"
"TCGA-HZ-A77P-01A-11R-A33R-07","TCGA-HZ-A77P",10.983019458883,2,"Classical-like",11.2043363275436,"Low"
"TCGA-US-A77E-01A-11R-A32O-07","TCGA-US-A77E",11.0344696446201,2,"Classical-like",11.2043363275436,"Low"
"TCGA-IB-7645-01A-22R-2204-07","TCGA-IB-7645",11.620804647606,2,"Classical-like",11.2043363275436,"High"
"TCGA-2J-AABF-01A-31R-A41B-07","TCGA-2J-AABF",11.1534602247607,2,"Classical-like",11.2043363275436,"Low"
"TCGA-FB-AAPU-01A-31R-A41B-07","TCGA-FB-AAPU",11.9172160091288,2,"Classical-like",11.2043363275436,"High"
"TCGA-HZ-A8P0-01A-11R-A36G-07","TCGA-HZ-A8P0",11.5409956882211,2,"Classical-like",11.2043363275436,"High"
"TCGA-IB-A5SO-01A-11R-A32O-07","TCGA-IB-A5SO",10.9934924020753,2,"Classical-like",11.2043363275436,"Low"
"TCGA-IB-7649-01A-11R-2156-07","TCGA-IB-7649",10.8446394512698,2,"Classical-like",11.2043363275436,"Low"
"TCGA-FB-AAQ6-01A-11R-A41B-07","TCGA-FB-AAQ6",11.553632308487,2,"Classical-like",11.2043363275436,"High"
"TCGA-IB-7886-01A-11R-2156-07","TCGA-IB-7886",11.1975665173351,2,"Classical-like",11.2043363275436,"Low"
"TCGA-HV-AA8X-01A-11R-A39D-07","TCGA-HV-AA8X",11.2138538760305,2,"Classical-like",11.2043363275436,"High"
"TCGA-S4-A8RM-01A-11R-A37L-07","TCGA-S4-A8RM",11.6769601720927,2,"Classical-like",11.2043363275436,"High"
"TCGA-IB-AAUU-01A-11R-A37L-07","TCGA-IB-AAUU",11.5311991018022,2,"Classical-like",11.2043363275436,"High"
"TCGA-HZ-7919-01A-11R-2156-07","TCGA-HZ-7919",11.4783315090941,2,"Classical-like",11.2043363275436,"High"
"TCGA-IB-7652-01A-11R-2156-07","TCGA-IB-7652",11.0186135413469,2,"Classical-like",11.2043363275436,"Low"
"TCGA-HV-A5A5-01A-11R-A26U-07","TCGA-HV-A5A5",11.1327951989102,2,"Classical-like",11.2043363275436,"Low"
"TCGA-2L-AAQL-01A-11R-A38C-07","TCGA-2L-AAQL",10.6784347292867,2,"Classical-like",11.2043363275436,"Low"
"TCGA-HZ-A49H-01A-11R-A26U-07","TCGA-HZ-A49H",10.8982951720408,2,"Classical-like",11.2043363275436,"Low"
"TCGA-F2-A44G-01A-11R-A26U-07","TCGA-F2-A44G",11.4420596018119,2,"Classical-like",11.2043363275436,"High"
"TCGA-Q3-AA2A-01A-11R-A37L-07","TCGA-Q3-AA2A",11.1367557181568,2,"Classical-like",11.2043363275436,"Low"
"TCGA-HZ-A49G-01A-11R-A26U-07","TCGA-HZ-A49G",10.9700447270225,2,"Classical-like",11.2043363275436,"Low"
"TCGA-3A-A9IC-01A-11R-A38C-07","TCGA-3A-A9IC",11.4170827991869,2,"Classical-like",11.2043363275436,"High"
"TCGA-HZ-8003-01A-21R-2204-07","TCGA-HZ-8003",11.1710009035078,2,"Classical-like",11.2043363275436,"Low"
"TCGA-2J-AAB1-01A-11R-A41B-07","TCGA-2J-AAB1",11.0203608470946,2,"Classical-like",11.2043363275436,"Low"
"TCGA-Z5-AAPL-01A-12R-A41B-07","TCGA-Z5-AAPL",11.33277187054,2,"Classical-like",11.2043363275436,"High"
"TCGA-HZ-7922-01A-11R-2156-07","TCGA-HZ-7922",11.3300751502802,2,"Classical-like",11.2043363275436,"High"
"TCGA-IB-AAUT-01A-11R-A37L-07","TCGA-IB-AAUT",10.9125324177464,2,"Classical-like",11.2043363275436,"Low"
"TCGA-F2-6879-01A-11R-2156-07","TCGA-F2-6879",10.9869722722505,2,"Classical-like",11.2043363275436,"Low"
"TCGA-FB-A4P6-01A-12R-A26U-07","TCGA-FB-A4P6",11.0473627891331,2,"Classical-like",11.2043363275436,"Low"
"TCGA-HZ-A9TJ-01A-11R-A41I-07","TCGA-HZ-A9TJ",11.438918528189,2,"Classical-like",11.2043363275436,"High"
"TCGA-HZ-8317-01A-11R-2404-07","TCGA-HZ-8317",11.2327573321916,2,"Classical-like",11.2043363275436,"High"
"TCGA-2J-AABH-01A-21R-A41B-07","TCGA-2J-AABH",11.5241555112155,2,"Classical-like",11.2043363275436,"High"
"TCGA-3A-A9J0-01A-11R-A41B-07","TCGA-3A-A9J0",11.090333088321,2,"Classical-like",11.2043363275436,"Low"
"TCGA-IB-7891-01A-11R-2204-07","TCGA-IB-7891",11.2879504235417,2,"Classical-like",11.2043363275436,"High"
"TCGA-IB-A5SP-01A-11R-A32O-07","TCGA-IB-A5SP",10.9449548588383,2,"Classical-like",11.2043363275436,"Low"
"TCGA-YY-A8LH-01A-11R-A36G-07","TCGA-YY-A8LH",11.5473211903583,2,"Classical-like",11.2043363275436,"High"
"TCGA-2L-AAQJ-01A-12R-A39D-07","TCGA-2L-AAQJ",11.1544917950467,2,"Classical-like",11.2043363275436,"Low"
"TCGA-XD-AAUG-01A-61R-A41B-07","TCGA-XD-AAUG",11.242222122997,2,"Classical-like",11.2043363275436,"High"
"TCGA-HV-A7OL-01A-11R-A33R-07","TCGA-HV-A7OL",10.5166291232254,2,"Classical-like",11.2043363275436,"Low"
"TCGA-HZ-8637-01A-11R-2404-07","TCGA-HZ-8637",11.1616939757864,2,"Classical-like",11.2043363275436,"Low"
"TCGA-FB-A78T-01A-12R-A32O-07","TCGA-FB-A78T",11.4152301203685,2,"Classical-like",11.2043363275436,"High"
"TCGA-IB-7647-01A-11R-2156-07","TCGA-IB-7647",11.3744602484387,2,"Classical-like",11.2043363275436,"High"
"TCGA-2L-AAQA-01A-21R-A38C-07","TCGA-2L-AAQA",11.6724893040625,2,"Classical-like",11.2043363275436,"High"
"TCGA-2J-AABK-01A-31R-A41B-07","TCGA-2J-AABK",11.3800520676664,2,"Classical-like",11.2043363275436,"High"
"TCGA-HV-A5A4-01A-11R-A26U-07","TCGA-HV-A5A4",11.4854337802529,2,"Classical-like",11.2043363275436,"High"
"TCGA-IB-7651-01A-11R-2156-07","TCGA-IB-7651",11.6648768266657,2,"Classical-like",11.2043363275436,"High"
"TCGA-HZ-8636-01A-21R-2404-07","TCGA-HZ-8636",11.6175481339656,2,"Classical-like",11.2043363275436,"High"
"TCGA-US-A774-01A-21R-A32O-07","TCGA-US-A774",11.2043363275436,2,"Classical-like",11.2043363275436,"High"
"TCGA-HZ-A49I-01A-12R-A26U-07","TCGA-HZ-A49I",10.8891658023181,2,"Classical-like",11.2043363275436,"Low"
"TCGA-HZ-7926-01A-11R-2156-07","TCGA-HZ-7926",11.8162030115881,2,"Classical-like",11.2043363275436,"High"
"TCGA-2J-AAB8-01A-12R-A41B-07","TCGA-2J-AAB8",11.5677931628658,2,"Classical-like",11.2043363275436,"High"
"TCGA-2J-AABT-01A-11R-A41B-07","TCGA-2J-AABT",11.2168420959172,2,"Classical-like",11.2043363275436,"High"
"TCGA-2J-AAB4-01A-12R-A41B-07","TCGA-2J-AAB4",11.1208130181651,2,"Classical-like",11.2043363275436,"Low"
"TCGA-3A-A9I9-01A-11R-A38C-07","TCGA-3A-A9I9",10.7250644024607,2,"Classical-like",11.2043363275436,"Low"
"TCGA-IB-8126-01A-11R-2404-07","TCGA-IB-8126",11.3080575241376,2,"Classical-like",11.2043363275436,"High"
"TCGA-HZ-A4BK-01A-11R-A26U-07","TCGA-HZ-A4BK",11.0803347517434,2,"Classical-like",11.2043363275436,"Low"
"TCGA-FB-AAQ3-01A-11R-A41B-07","TCGA-FB-AAQ3",10.7647988942267,2,"Classical-like",11.2043363275436,"Low"
"TCGA-H6-A45N-01A-11R-A26U-07","TCGA-H6-A45N",11.0751302064801,2,"Classical-like",11.2043363275436,"Low"
"TCGA-3A-A9I5-01A-11R-A38C-07","TCGA-3A-A9I5",11.2332140384681,2,"Classical-like",11.2043363275436,"High"
"TCGA-FB-AAQ0-01A-31R-A41B-07","TCGA-FB-AAQ0",11.6137556575719,2,"Classical-like",11.2043363275436,"High"
"TCGA-3E-AAAZ-01A-11R-A38C-07","TCGA-3E-AAAZ",11.4227207953691,2,"Classical-like",11.2043363275436,"High"
"TCGA-3E-AAAY-01A-11R-A38C-07","TCGA-3E-AAAY",11.0960955999448,2,"Classical-like",11.2043363275436,"Low"
"TCGA-YB-A89D-01A-12R-A36G-07","TCGA-YB-A89D",10.8783097822864,2,"Classical-like",11.2043363275436,"Low"
"TCGA-S4-A8RP-01A-11R-A36G-07","TCGA-S4-A8RP",11.1779812084345,2,"Classical-like",11.2043363275436,"Low"
"TCGA-FB-AAPQ-01A-11R-A41B-07","TCGA-FB-AAPQ",11.7666948355328,2,"Classical-like",11.2043363275436,"High"
"TCGA-LB-A8F3-01A-11R-A36G-07","TCGA-LB-A8F3",11.7690227049941,2,"Classical-like",11.2043363275436,"High"
"TCGA-IB-7888-01A-11R-2156-07","TCGA-IB-7888",11.6668634036769,2,"Classical-like",11.2043363275436,"High"
"TCGA-IB-AAUP-01A-11R-A37L-07","TCGA-IB-AAUP",10.9183264660519,2,"Classical-like",11.2043363275436,"Low"
"TCGA-RB-A7B8-01A-12R-A33R-07","TCGA-RB-A7B8",10.921375632393,2,"Classical-like",11.2043363275436,"Low"
"TCGA-IB-A5ST-01A-11R-A32O-07","TCGA-IB-A5ST",11.2584265039199,2,"Classical-like",11.2043363275436,"High"
"TCGA-IB-AAUM-01A-11R-A37L-07","TCGA-IB-AAUM",11.0515322737845,2,"Classical-like",11.2043363275436,"Low"
"TCGA-US-A779-01A-11R-A32O-07","TCGA-US-A779",11.0641913247975,2,"Classical-like",11.2043363275436,"Low"
"TCGA-2J-AABV-01A-12R-A41B-07","TCGA-2J-AABV",10.0931369025444,2,"Classical-like",11.2043363275436,"Low"
"TCGA-2J-AABA-01A-21R-A41B-07","TCGA-2J-AABA",11.2485339923384,2,"Classical-like",11.2043363275436,"High"
"TCGA-US-A77G-01A-11R-A32O-07","TCGA-US-A77G",11.1219009111327,2,"Classical-like",11.2043363275436,"Low"
"TCGA-IB-7644-01A-11R-2156-07","TCGA-IB-7644",10.9359797443251,2,"Classical-like",11.2043363275436,"Low"
"TCGA-HV-A5A6-01A-11R-A26U-07","TCGA-HV-A5A6",11.1841478901927,2,"Classical-like",11.2043363275436,"Low"
"TCGA-F2-A44H-01A-11R-A26U-07","TCGA-F2-A44H",11.2682344578518,2,"Classical-like",11.2043363275436,"High"
"TCGA-OE-A75W-01A-12R-A32O-07","TCGA-OE-A75W",10.5507971421662,2,"Classical-like",11.2043363275436,"Low"
"TCGA-US-A776-01A-13R-A33R-07","TCGA-US-A776",10.5239009577661,2,"Classical-like",11.2043363275436,"Low"
