"sample","sample_full","PIP5K1A","subtype_code","subtype","median_cutoff","expr_group","Study ID","Sample ID","Diagnosis Age","American Joint Committee on Cancer Publication Version Type","Alcohol History Documented","Biopsy Site","Cancer Type","Cancer Type Detailed","Last Communication Contact from Initial Pathologic Diagnosis Date","Birth from Initial Pathologic Diagnosis Date","Death from Initial Pathologic Diagnosis Date","Disease Free (Months)","Disease Free Status","Disease Type","Ethnicity Category","Fraction Genome Altered","ICD-10 Classification","Is FFPE","Morphology","Mutation Count","Oncotree Code","Overall Survival (Months)","Overall Survival Status","Other Patient ID","Other Sample ID","AJCC Pathologic M-Stage","AJCC Pathologic N-Stage","AJCC Pathologic Stage","AJCC Pathologic T-Stage","Primary Diagnosis","Patient Primary Tumor Site","Prior Malignancy","Prior Treatment","Project Identifier","Project Name","Project State","Race Category","Number of Samples Per Patient","Sample Type","Sample type id","Sex","Years Smoked","Person Cigarette Smoking History Pack Year Value","TMB (nonsynonymous)","Patient's Vital Status","Year of Diagnosis","time","event","endpoint"
"TCGA-2J-AAB1","TCGA-2J-AAB1-01A-11R-A41B-07",11.0203608470946,2,"Classical-like",11.2043363275436,"Low","paad_tcga_gdc","TCGA-2J-AAB1-01",65,"7th","True","Pancreas","Pancreatic Adenocarcinoma","Pancreatic Adenocarcinoma",NA,-23962,66,2.169839235,"0:DiseaseFree","Pancreas-Adenocarcinoma-Other Subtype",NA,0.062,"C25.0","NO","8480/3",55,"PAAD",2.16819973718791,"1:DECEASED","75119d1a-93e5-4ae7-9d60-69ee929a0772","b83d846d-1b92-430c-a98e-352fcd24c0ab","M0","N1","Stage IIB","T3","Pancreas-Adenocarcinoma-Other Subtype","Pancreas","False","False","TCGA-PAAD","Pancreatic Adenocarcinoma","released","WHITE",1,"Primary Tumor",1,"Male",26,25,1.83333333333333,"Dead",2012,2.169839235,0,"DFS"
"TCGA-2J-AAB4","TCGA-2J-AAB4-01A-12R-A41B-07",11.1208130181651,2,"Classical-like",11.2043363275436,"Low","paad_tcga_gdc","TCGA-2J-AAB4-01",48,"7th","False","Pancreas","Pancreatic Adenocarcinoma","Pancreatic Adenocarcinoma",729,-17794,NA,23.96686064,"0:DiseaseFree","Pancreas-Adenocarcinoma-Other Subtype",NA,0.1955,"C25.8","NO","8140/3",26,"PAAD",23.9487516425756,"0:LIVING","33833131-1482-42d5-9cf5-01cade540234","19110fc3-9693-4b22-ad08-3c06bcb33470","M0","N1","Stage IIB","T2","Pancreas-Adenocarcinoma-Other Subtype","Pancreas","False","False","TCGA-PAAD","Pancreatic Adenocarcinoma","released","WHITE",1,"Primary Tumor",1,"Male",NA,NA,0.866666666666667,"Alive",2012,23.96686064,0,"DFS"
"TCGA-2J-AAB9","TCGA-2J-AAB9-01A-11R-A41B-07",10.9860346067022,1,"Basal-like",11.3199157459477,"Low","paad_tcga_gdc","TCGA-2J-AAB9-01",70,"7th","True","Pancreas","Pancreatic Adenocarcinoma","Pancreatic Adenocarcinoma",NA,-25920,627,17.12857941,"1:Recurred/Progressed","Pancreas-Adenocarcinoma Ductal Type",NA,0.0038,"C25.0","NO","8500/3",13,"PAAD",20.5978975032852,"1:DECEASED","a5748656-5330-417a-8938-01f69ddb3576","02884cc4-f047-4d54-8389-b835e7707958","M0","N1","Stage IIB","T3","Pancreas-Adenocarcinoma Ductal Type","Pancreas","False","False","TCGA-PAAD","Pancreatic Adenocarcinoma","released","WHITE",1,"Primary Tumor",1,"Female",NA,NA,0.433333333333333,"Dead",2012,17.12857941,1,"DFS"
"TCGA-2J-AABE","TCGA-2J-AABE-01A-12R-A41B-07",11.4354934875427,1,"Basal-like",11.3199157459477,"High","paad_tcga_gdc","TCGA-2J-AABE-01",73,"7th","True","Pancreas","Pancreatic Adenocarcinoma","Pancreatic Adenocarcinoma",663,-26943,NA,22.22441398,"0:DiseaseFree","Pancreas-Adenocarcinoma Ductal Type",NA,0.1923,"C25.1","NO","8500/3",29,"PAAD",22.2076215505913,"0:LIVING","58c1c391-5ea3-4432-bb1e-e7e1974954bc","30c8e41c-2c27-4927-a4e8-c1ac81806d13","M0","N0","Stage IIA","T3","Pancreas-Adenocarcinoma Ductal Type","Pancreas","False","False","TCGA-PAAD","Pancreatic Adenocarcinoma","released","WHITE",1,"Primary Tumor",1,"Male",10,2.2,0.966666666666667,"Alive",2012,22.22441398,0,"DFS"
"TCGA-2J-AABH","TCGA-2J-AABH-01A-21R-A41B-07",11.5241555112155,2,"Classical-like",11.2043363275436,"High","paad_tcga_gdc","TCGA-2J-AABH-01",61,"7th","False","Pancreas","Pancreatic Adenocarcinoma","Pancreatic Adenocarcinoma",671,-22425,NA,42.31186508,"1:Recurred/Progressed","Pancreas-Adenocarcinoma-Other Subtype",NA,0.3199,"C25.1","NO","8140/3",36,"PAAD",42.2798948751643,"0:LIVING","c53328b4-0930-4e6a-a648-283b5565295e","56d664e4-efa9-4ff7-b600-d198e6fbdcd7","M0","N0","Stage IIA","T3","Pancreas-Adenocarcinoma-Other Subtype","Pancreas","False","False","TCGA-PAAD","Pancreatic Adenocarcinoma","released","WHITE",1,"Primary Tumor",1,"Male",NA,NA,1.2,"Alive",2011,42.31186508,1,"DFS"
"TCGA-2J-AABK","TCGA-2J-AABK-01A-31R-A41B-07",11.3800520676664,2,"Classical-like",11.2043363275436,"High","paad_tcga_gdc","TCGA-2J-AABK-01",71,"7th","False","Pancreas","Pancreatic Adenocarcinoma","Pancreatic Adenocarcinoma",484,-26188,NA,15.91215439,"0:DiseaseFree","Pancreas-Adenocarcinoma Ductal Type",NA,0.0348,"C25.0","NO","8500/3",26,"PAAD",15.9001314060447,"0:LIVING","c24c54ea-4095-460d-bb53-e3629a56cd62","91c8bca0-b881-4439-b186-d309c513faa2","M0","N1","Stage IIB","T3","Pancreas-Adenocarcinoma Ductal Type","Pancreas","False","False","TCGA-PAAD","Pancreatic Adenocarcinoma","released","WHITE",1,"Primary Tumor",1,"Male",NA,NA,0.866666666666667,"Alive",2012,15.91215439,0,"DFS"
"TCGA-3A-A9I5","TCGA-3A-A9I5-01A-11R-A38C-07",11.2332140384681,2,"Classical-like",11.2043363275436,"High","paad_tcga_gdc","TCGA-3A-A9I5-01",57,"6th","False","Pancreas","Pancreatic Adenocarcinoma","Pancreatic Adenocarcinoma",1612,-21175,NA,58.98017556,"0:DiseaseFree","Pancreas-Adenocarcinoma Ductal Type","NOT HISPANIC OR LATINO",0.2658,"C25.0","NO","8500/3",27,"PAAD",58.9356110381078,"0:LIVING","9924e309-5c47-42fe-b937-547f2b3d6842","d005da54-bdfc-433d-a661-b71b6c19b91c","MX","N0",NA,NA,"Pancreas-Adenocarcinoma Ductal Type","Pancreas",NA,"False","TCGA-PAAD","Pancreatic Adenocarcinoma","released","WHITE",1,"Primary Tumor",1,"Male",NA,NA,0.9,"Alive",2009,58.98017556,0,"DFS"
"TCGA-3A-A9IX","TCGA-3A-A9IX-01A-11R-A41B-07",11.2664587726995,1,"Basal-like",11.3199157459477,"Low","paad_tcga_gdc","TCGA-3A-A9IX-01",40,"7th","True","Pancreas","Pancreatic Adenocarcinoma","Pancreatic Adenocarcinoma",901,-14729,NA,34.09277707,"0:DiseaseFree","Pancreas-Adenocarcinoma Ductal Type","NOT HISPANIC OR LATINO",0.0019,"C25.0","NO","8500/3",12,"PAAD",34.0670170827858,"0:LIVING","959e1f13-360e-4e12-add5-bf9a376990d2","77848ff8-48bc-434d-a393-b295a3bf71f5","MX","N0","Stage IA","T1","Pancreas-Adenocarcinoma Ductal Type","Pancreas","False","False","TCGA-PAAD","Pancreatic Adenocarcinoma","released","WHITE",1,"Primary Tumor",1,"Male",22,2.3,0.4,"Alive",2012,34.09277707,0,"DFS"
"TCGA-3E-AAAY","TCGA-3E-AAAY-01A-11R-A38C-07",11.0960955999448,2,"Classical-like",11.2043363275436,"Low","paad_tcga_gdc","TCGA-3E-AAAY-01",67,"6th","True","Pancreas","Pancreatic Adenocarcinoma","Pancreatic Adenocarcinoma",2172,-24760,NA,32.44895946,"1:Recurred/Progressed","Pancreas-Adenocarcinoma Ductal Type","NOT HISPANIC OR LATINO",5e-04,"C25.1","NO","8500/3",16,"PAAD",75.065703022339,"0:LIVING","a643d0b8-aa50-481c-9f12-f2e634d61d90","f6ead66c-5dbc-4134-b476-552f89990584","MX","N1","Stage IIB","T3","Pancreas-Adenocarcinoma Ductal Type","Pancreas","False","False","TCGA-PAAD","Pancreatic Adenocarcinoma","released","WHITE",1,"Primary Tumor",1,"Male",NA,NA,0.533333333333333,"Alive",2008,32.44895946,1,"DFS"
"TCGA-F2-6879","TCGA-F2-6879-01A-11R-2156-07",10.9869722722505,2,"Classical-like",11.2043363275436,"Low","paad_tcga_gdc","TCGA-F2-6879-01",57,"6th","True","Pancreas","Pancreatic Adenocarcinoma","Pancreatic Adenocarcinoma",NA,-20984,334,6.016372423,"1:Recurred/Progressed","Pancreas-Adenocarcinoma-Other Subtype",NA,0.2132,"C25.0","NO","8140/3",26,"PAAD",10.9724047306176,"1:DECEASED","8d9bd437-8b4b-4da5-87ba-6b5790f05022","d43f0112-fe59-4842-9fda-1189e5fb7248","M0","N1","Stage IIB","T3","Pancreas-Adenocarcinoma-Other Subtype","Pancreas","False","False","TCGA-PAAD","Pancreatic Adenocarcinoma","released","WHITE",1,"Primary Tumor",1,"Male",NA,NA,0.866666666666667,"Dead",2009,6.016372423,1,"DFS"
"TCGA-F2-A44G","TCGA-F2-A44G-01A-11R-A26U-07",11.4420596018119,2,"Classical-like",11.2043363275436,"High","paad_tcga_gdc","TCGA-F2-A44G-01",79,"7th","True","Pancreas","Pancreatic Adenocarcinoma","Pancreatic Adenocarcinoma",153,-29150,233,7.035539337,"1:Recurred/Progressed","Pancreas-Adenocarcinoma Ductal Type","NOT HISPANIC OR LATINO",0.0759,"C25.0","NO","8140/3",37,"PAAD",7.65440210249671,"1:DECEASED","20094e3e-cee3-41dd-8553-1fc393117786","04eb5d4f-8fb2-465e-91e8-29c881679e34","M0","N1","Stage IIB","T3","Pancreas-Adenocarcinoma Ductal Type","Pancreas",NA,"False","TCGA-PAAD","Pancreatic Adenocarcinoma","released","WHITE",1,"Primary Tumor",1,"Female",NA,NA,1.23333333333333,"Dead",2012,7.035539337,1,"DFS"
"TCGA-F2-A44H","TCGA-F2-A44H-01A-11R-A26U-07",11.2682344578518,2,"Classical-like",11.2043363275436,"High","paad_tcga_gdc","TCGA-F2-A44H-01",65,"7th","False","Pancreas","Pancreatic Adenocarcinoma","Pancreatic Adenocarcinoma",158,-24007,NA,19.2655423,"0:DiseaseFree","Pancreas-Adenocarcinoma Ductal Type","NOT HISPANIC OR LATINO",0.046,"C25.0","NO","8140/3",12,"PAAD",19.2509855453351,"0:LIVING","570f9947-1ce5-49c7-9619-49439df6c7a9","361bc661-b78b-455e-8444-fe20646082e8","M0","N0","Stage IIA","T3","Pancreas-Adenocarcinoma Ductal Type","Pancreas","False","False","TCGA-PAAD","Pancreatic Adenocarcinoma","released","WHITE",1,"Primary Tumor",1,"Male",NA,NA,0.4,"Alive",2012,19.2655423,0,"DFS"
"TCGA-FB-A4P6","TCGA-FB-A4P6-01A-12R-A26U-07",11.0473627891331,2,"Classical-like",11.2043363275436,"Low","paad_tcga_gdc","TCGA-FB-A4P6-01",54,"7th","True","Pancreas","Pancreatic Adenocarcinoma","Pancreatic Adenocarcinoma",7,-19904,NA,20.38333827,"1:Recurred/Progressed","Pancreas-Adenocarcinoma Ductal Type","NOT HISPANIC OR LATINO",NA,"C25.0","NO","8500/3",NA,"PAAD",25.1971090670171,"0:LIVING","9246c642-3231-4137-a24b-3efae151b655","1412eb00-7508-4933-8888-e76fe385beff","MX","N1","Stage IIB","T3","Pancreas-Adenocarcinoma Ductal Type","Pancreas","False","False","TCGA-PAAD","Pancreatic Adenocarcinoma","released","WHITE",1,"Primary Tumor",1,"Male",25,25,0,"Alive",2012,20.38333827,1,"DFS"
"TCGA-FB-A545","TCGA-FB-A545-01A-11R-A26U-07",11.6456616663483,1,"Basal-like",11.3199157459477,"High","paad_tcga_gdc","TCGA-FB-A545-01",72,"7th","False","Pancreas","Pancreatic Adenocarcinoma","Pancreatic Adenocarcinoma",1,-26635,732,12.42726107,"1:Recurred/Progressed","Pancreas-Adenocarcinoma Ductal Type","NOT HISPANIC OR LATINO",0.6066,"C25.1","NO","8500/3",NA,"PAAD",24.0473061760841,"1:DECEASED","b0cb81ad-3c20-4d56-ab7d-f64c0caee1ce","a0d91446-24ea-4973-8d50-e080fe8bfab2","M0","N1","Stage IIB","T3","Pancreas-Adenocarcinoma Ductal Type","Pancreas","False","False","TCGA-PAAD","Pancreatic Adenocarcinoma","released","WHITE",1,"Primary Tumor",1,"Female",NA,NA,NA,"Dead",2012,12.42726107,1,"DFS"
"TCGA-FB-A78T","TCGA-FB-A78T-01A-12R-A32O-07",11.4152301203685,2,"Classical-like",11.2043363275436,"High","paad_tcga_gdc","TCGA-FB-A78T-01",71,"7th","False","Pancreas","Pancreatic Adenocarcinoma","Pancreatic Adenocarcinoma",1,-26179,375,12.32863202,"0:DiseaseFree","Pancreas-Adenocarcinoma Ductal Type","NOT HISPANIC OR LATINO",0.1317,"C25.0","NO","8500/3",36,"PAAD",12.3193166885677,"1:DECEASED","2ad10199-1381-42b7-b54f-da34c1b1d3c0","49ba3a06-3a17-4675-925c-75eb461fbdbe","M0","N1","Stage IIB","T3","Pancreas-Adenocarcinoma Ductal Type","Pancreas","False","False","TCGA-PAAD","Pancreatic Adenocarcinoma","released","WHITE",1,"Primary Tumor",1,"Female",20,2,1.2,"Dead",2013,12.32863202,0,"DFS"
"TCGA-FB-AAPY","TCGA-FB-AAPY-01A-11R-A41B-07",11.0233225672651,2,"Classical-like",11.2043363275436,"Low","paad_tcga_gdc","TCGA-FB-AAPY-01",71,"7th","True","Pancreas","Pancreatic Adenocarcinoma","Pancreatic Adenocarcinoma",NA,-26085,1059,34.81605681,"0:DiseaseFree","Pancreas-Adenocarcinoma Ductal Type","NOT HISPANIC OR LATINO",0.0095,"C25.0","NO","8500/3",25,"PAAD",34.7897503285151,"1:DECEASED","953359da-e535-48e6-97dc-1b4ccad6a671","35b924a7-0b6c-47cc-98c6-732a0711e33a","MX","N1","Stage IIB","T2","Pancreas-Adenocarcinoma Ductal Type","Pancreas","False","False","TCGA-PAAD","Pancreatic Adenocarcinoma","released","WHITE",1,"Primary Tumor",1,"Male",25,25,0.833333333333333,"Dead",2007,34.81605681,0,"DFS"
"TCGA-FB-AAPZ","TCGA-FB-AAPZ-01A-11R-A41B-07",11.3838324348165,1,"Basal-like",11.3199157459477,"High","paad_tcga_gdc","TCGA-FB-AAPZ-01",54,"7th","False","Pancreas","Pancreatic Adenocarcinoma","Pancreatic Adenocarcinoma",226,-19847,NA,23.53946806,"1:Recurred/Progressed","Pancreas-Adenocarcinoma Ductal Type","NOT HISPANIC OR LATINO",0.6149,"C25.0","NO","8500/3",31,"PAAD",23.5216819973719,"0:LIVING","f2313562-c894-486d-a9b6-ed362e12a32a","b537c629-417d-48d6-a847-df3793473de9","MX","N1","Stage IIB","T2","Pancreas-Adenocarcinoma Ductal Type","Pancreas","False","False","TCGA-PAAD","Pancreatic Adenocarcinoma","released","WHITE",1,"Primary Tumor",1,"Male",NA,NA,1.03333333333333,"Alive",2008,23.53946806,1,"DFS"
"TCGA-FB-AAQ0","TCGA-FB-AAQ0-01A-31R-A41B-07",11.6137556575719,2,"Classical-like",11.2043363275436,"High","paad_tcga_gdc","TCGA-FB-AAQ0-01",68,"7th","False","Pancreas","Pancreatic Adenocarcinoma","Pancreatic Adenocarcinoma",NA,-24988,473,15.55051452,"0:DiseaseFree","Pancreas-Adenocarcinoma Ductal Type","NOT HISPANIC OR LATINO",0.1736,"C25.0","NO","8500/3",30,"PAAD",15.53876478318,"1:DECEASED","81b6b844-d760-4146-9b01-1c4b2596eb77","00585894-808a-4635-8a2e-94cd72599c1a","MX","N0","Stage IIA","T3","Pancreas-Adenocarcinoma Ductal Type","Pancreas","False","False","TCGA-PAAD","Pancreatic Adenocarcinoma","released","WHITE",1,"Primary Tumor",1,"Male",NA,NA,1,"Dead",2011,15.55051452,0,"DFS"
"TCGA-FB-AAQ3","TCGA-FB-AAQ3-01A-11R-A41B-07",10.7647988942267,2,"Classical-like",11.2043363275436,"Low","paad_tcga_gdc","TCGA-FB-AAQ3-01",65,"7th","True","Pancreas","Pancreatic Adenocarcinoma","Pancreatic Adenocarcinoma",NA,-23953,31,1.019166913,"0:DiseaseFree","Pancreas-Adenocarcinoma Ductal Type","NOT HISPANIC OR LATINO",0.1347,"C25.0","NO","8500/3",31,"PAAD",1.01839684625493,"1:DECEASED","5965cd7b-f384-4473-826a-8381e362d10e","1f877e0a-02e7-4b3f-88f0-221054d20b6c","MX","N1","Stage IIB","T3","Pancreas-Adenocarcinoma Ductal Type","Pancreas","False","False","TCGA-PAAD","Pancreatic Adenocarcinoma","released","WHITE",1,"Primary Tumor",1,"Female",NA,NA,1.03333333333333,"Dead",2010,1.019166913,0,"DFS"
"TCGA-H6-8124","TCGA-H6-8124-01A-11R-2404-07",11.5512326055109,1,"Basal-like",11.3199157459477,"High","paad_tcga_gdc","TCGA-H6-8124-01",56,"7th","True","Pancreas","Pancreatic Adenocarcinoma","Pancreatic Adenocarcinoma",181,-20741,NA,8.514975178,"1:Recurred/Progressed","Pancreas-Adenocarcinoma Ductal Type","NOT HISPANIC OR LATINO",0.2584,"C25.0","NO","8140/3",31,"PAAD",12.8777923784494,"0:LIVING","7e4e5633-6f83-4b46-b6eb-64b3f2866ba3","1c16619f-c448-430c-9965-3c34b8415514","M0","N1","Stage IIB","T3","Pancreas-Adenocarcinoma Ductal Type","Pancreas","False","False","TCGA-PAAD","Pancreatic Adenocarcinoma","released","WHITE",1,"Primary Tumor",1,"Female",7,3.5,1.03333333333333,"Alive",2011,8.514975178,1,"DFS"
"TCGA-HV-A5A3","TCGA-HV-A5A3-01A-11R-A26U-07",11.7097010544632,1,"Basal-like",11.3199157459477,"High","paad_tcga_gdc","TCGA-HV-A5A3-01",50,"7th","True","Pancreas","Pancreatic Adenocarcinoma","Pancreatic Adenocarcinoma",NA,-18475,128,4.208173061,"0:DiseaseFree","Pancreas-Adenocarcinoma Ductal Type",NA,0.3276,"C25.1","NO","8500/3",30,"PAAD",4.20499342969777,"1:DECEASED","d4f66f06-9289-45c1-b9eb-aaef991a4bb6","975ba0d6-92b7-46f8-a564-f852554e706e","MX","NX","Stage IIA","T3","Pancreas-Adenocarcinoma Ductal Type","Pancreas","False","False","TCGA-PAAD","Pancreatic Adenocarcinoma","released","ASIAN",1,"Primary Tumor",1,"Male",NA,NA,1,"Dead",2012,4.208173061,0,"DFS"
"TCGA-HV-A5A4","TCGA-HV-A5A4-01A-11R-A26U-07",11.4854337802529,2,"Classical-like",11.2043363275436,"High","paad_tcga_gdc","TCGA-HV-A5A4-01",72,"7th","False","Pancreas","Pancreatic Adenocarcinoma","Pancreatic Adenocarcinoma",232,-26311,NA,7.627313673,"0:DiseaseFree","Pancreas-Adenocarcinoma Ductal Type",NA,0.0931,"C25.2","NO","8500/3",32,"PAAD",7.6215505913272,"0:LIVING","3264459c-adeb-486e-ab8f-274574441593","b8465091-5505-4bc4-8c83-59ab36e7be13","MX","N0","Stage IIA","T3","Pancreas-Adenocarcinoma Ductal Type","Pancreas","False","False","TCGA-PAAD","Pancreatic Adenocarcinoma","released","ASIAN",1,"Primary Tumor",1,"Female",NA,NA,1.06666666666667,"Alive",2012,7.627313673,0,"DFS"
"TCGA-HV-A5A5","TCGA-HV-A5A5-01A-11R-A26U-07",11.1327951989102,2,"Classical-like",11.2043363275436,"Low","paad_tcga_gdc","TCGA-HV-A5A5-01",61,"7th","True","Pancreas","Pancreatic Adenocarcinoma","Pancreatic Adenocarcinoma",289,-22329,NA,9.50126574,"0:DiseaseFree","Pancreas-Adenocarcinoma Ductal Type",NA,0.0031,"C25.0","NO","8500/3",12,"PAAD",9.49408672798949,"0:LIVING","1b31d2e9-5b05-4fff-88d6-3a95bf8f8d43","a02bc992-007e-4044-8624-3b7a5326c279","M0","N1","Stage IIB","T3","Pancreas-Adenocarcinoma Ductal Type","Pancreas","False","False","TCGA-PAAD","Pancreatic Adenocarcinoma","released","ASIAN",1,"Primary Tumor",1,"Female",NA,NA,0.4,"Alive",2012,9.50126574,0,"DFS"
"TCGA-HV-A5A6","TCGA-HV-A5A6-01A-11R-A26U-07",11.1841478901927,2,"Classical-like",11.2043363275436,"Low","paad_tcga_gdc","TCGA-HV-A5A6-01",65,"7th",NA,"Pancreas","Pancreatic Adenocarcinoma","Pancreatic Adenocarcinoma",1953,-24025,2036,49.67616793,"1:Recurred/Progressed","Pancreas-Adenocarcinoma Ductal Type",NA,0.244,"C25.0","NO","8500/3",37,"PAAD",66.8856767411301,"1:DECEASED","40fc7973-91c4-4fa8-a105-7fc3d6f3817c","c83bed5c-c690-49b6-bee6-6dacf0f3db91","M0","N1b","Stage IIB","T3","Pancreas-Adenocarcinoma Ductal Type","Pancreas","False","False","TCGA-PAAD","Pancreatic Adenocarcinoma","released","ASIAN",1,"Primary Tumor",1,"Female",NA,NA,1.23333333333333,"Dead",2001,49.67616793,1,"DFS"
"TCGA-HZ-7925","TCGA-HZ-7925-01A-11R-2156-07",11.5141219767743,1,"Basal-like",11.3199157459477,"High","paad_tcga_gdc","TCGA-HZ-7925-01",66,"7th","False","Pancreas","Pancreatic Adenocarcinoma","Pancreatic Adenocarcinoma",361,-24150,614,11.96699214,"1:Recurred/Progressed","Pancreas-Adenocarcinoma Ductal Type","NOT HISPANIC OR LATINO",0.0104,"C25.0","NO","8500/3",18,"PAAD",20.1708278580815,"1:DECEASED","f91eb33d-76f0-418c-9962-11a5b31ca1dc","4f6d03c5-e9b0-4a8a-b386-823c7a5de1db","MX","N1","Stage IIB","T3","Pancreas-Adenocarcinoma Ductal Type","Pancreas","False","False","TCGA-PAAD","Pancreatic Adenocarcinoma","released","WHITE",1,"Primary Tumor",1,"Male",NA,NA,0.6,"Dead",2011,11.96699214,1,"DFS"
"TCGA-HZ-8001","TCGA-HZ-8001-01A-11R-2204-07",10.9251546629695,1,"Basal-like",11.3199157459477,"Low","paad_tcga_gdc","TCGA-HZ-8001-01",69,"7th",NA,"Pancreas","Pancreatic Adenocarcinoma","Pancreatic Adenocarcinoma",19,-25227,NA,23.21070454,"0:DiseaseFree","Pancreas-Adenocarcinoma Ductal Type","NOT HISPANIC OR LATINO",7e-04,"C25.0","NO","8500/3",35,"PAAD",23.1931668856767,"0:LIVING","55cee1dd-15a0-4717-a281-63e08e2cfdf9","c7324845-a124-4db8-8236-d8caccb7fb39","MX","N0","Stage III","T4","Pancreas-Adenocarcinoma Ductal Type","Pancreas","False","False","TCGA-PAAD","Pancreatic Adenocarcinoma","released","WHITE",1,"Primary Tumor",1,"Male",NA,NA,1.16666666666667,"Alive",2011,23.21070454,0,"DFS"
"TCGA-HZ-8519","TCGA-HZ-8519-01A-11R-2404-07",11.3779733289716,2,"Classical-like",11.2043363275436,"High","paad_tcga_gdc","TCGA-HZ-8519-01",73,"7th","False","Pancreas","Pancreatic Adenocarcinoma","Pancreatic Adenocarcinoma",3,-26947,NA,14.92586383,"0:DiseaseFree","Pancreas-Adenocarcinoma-Other Subtype","NOT HISPANIC OR LATINO",0.0016,"C25.0","NO","8140/3",NA,"PAAD",14.9145860709593,"0:LIVING","70c2c861-01de-47bc-abfd-b7d14d68e1a1","3fc8ab9f-c744-4d0e-8f74-c6c436ab68e3","MX","N0","Stage IA","T1","Pancreas-Adenocarcinoma-Other Subtype","Pancreas","False","False","TCGA-PAAD","Pancreatic Adenocarcinoma","released","WHITE",1,"Primary Tumor",1,"Male",NA,NA,NA,"Alive",2012,14.92586383,0,"DFS"
"TCGA-HZ-8637","TCGA-HZ-8637-01A-11R-2404-07",11.1616939757864,2,"Classical-like",11.2043363275436,"Low","paad_tcga_gdc","TCGA-HZ-8637-01",76,"7th","False","Pancreas","Pancreatic Adenocarcinoma","Pancreatic Adenocarcinoma",0,-27929,517,16.99707401,"0:DiseaseFree","Pancreas-Adenocarcinoma Ductal Type","HISPANIC OR LATINO",0.0235,"C25.0","NO","8500/3",21,"PAAD",16.9842312746386,"1:DECEASED","459028fd-0cd8-4e6d-a668-71fd60bd0a37","0739286f-c4f3-4c52-bc2a-57bf9807c02d","MX","N1","Stage IIB","T3","Pancreas-Adenocarcinoma Ductal Type","Pancreas","False","False","TCGA-PAAD","Pancreatic Adenocarcinoma","released","WHITE",1,"Primary Tumor",1,"Female",NA,NA,0.7,"Dead",2012,16.99707401,0,"DFS"
"TCGA-HZ-A49H","TCGA-HZ-A49H-01A-11R-A26U-07",10.8982951720408,2,"Classical-like",11.2043363275436,"Low","paad_tcga_gdc","TCGA-HZ-A49H-01",68,"7th","False","Pancreas","Pancreatic Adenocarcinoma","Pancreatic Adenocarcinoma",29,-24891,NA,16.14228885,"0:DiseaseFree","Pancreas-Adenocarcinoma Ductal Type","NOT HISPANIC OR LATINO",0,"C25.0","NO","8500/3",8,"PAAD",16.1300919842313,"0:LIVING","17142718-742e-464a-8e0f-a6b9ac8fad75","af201816-3185-46af-b18e-8bbc777efdb9","MX","N1","Stage IIB","T3","Pancreas-Adenocarcinoma Ductal Type","Pancreas","False","False","TCGA-PAAD","Pancreatic Adenocarcinoma","released","WHITE",1,"Primary Tumor",1,"Female",NA,NA,0.266666666666667,"Alive",2012,16.14228885,0,"DFS"
"TCGA-HZ-A77O","TCGA-HZ-A77O-01A-11R-A33R-07",11.0270503805226,1,"Basal-like",11.3199157459477,"Low","paad_tcga_gdc","TCGA-HZ-A77O-01",77,"7th","False","Pancreas","Pancreatic Adenocarcinoma","Pancreatic Adenocarcinoma",11,-28434,160,3.2218825,"1:Recurred/Progressed","Pancreas-Adenocarcinoma Ductal Type","NOT HISPANIC OR LATINO",0.3147,"C25.0","NO","8500/3",21,"PAAD",5.25624178712221,"1:DECEASED","fe01a390-f45e-4352-a253-af8ef7ee9628","3169e534-2fbb-4335-9a83-acab9071a573","MX","N1","Stage IIB","T2","Pancreas-Adenocarcinoma Ductal Type","Pancreas","False","False","TCGA-PAAD","Pancreatic Adenocarcinoma","released","WHITE",1,"Primary Tumor",1,"Female",NA,NA,0.7,"Dead",2013,3.2218825,1,"DFS"
"TCGA-HZ-A77P","TCGA-HZ-A77P-01A-11R-A33R-07",10.983019458883,2,"Classical-like",11.2043363275436,"Low","paad_tcga_gdc","TCGA-HZ-A77P-01",77,"7th","False","Pancreas","Pancreatic Adenocarcinoma","Pancreatic Adenocarcinoma",13,-28403,NA,10.84919617,"0:DiseaseFree","Pancreas-Adenocarcinoma-Other Subtype","NOT HISPANIC OR LATINO",0.0237,"C25.0","NO","8140/3",35,"PAAD",10.8409986859396,"0:LIVING","5971a597-1e16-4f6d-8d7b-0e69c6bdcead","2f600885-e2f7-4bf1-b0e2-f00138a17b74","MX","N1","Stage IIB","T3","Pancreas-Adenocarcinoma-Other Subtype","Pancreas","False","False","TCGA-PAAD","Pancreatic Adenocarcinoma","released","WHITE",1,"Primary Tumor",1,"Male",NA,NA,1.16666666666667,"Alive",2013,10.84919617,0,"DFS"
"TCGA-IB-7651","TCGA-IB-7651-01A-11R-2156-07",11.6648768266657,2,"Classical-like",11.2043363275436,"High","paad_tcga_gdc","TCGA-IB-7651-01",64,"6th","True","Pancreas","Pancreatic Adenocarcinoma","Pancreatic Adenocarcinoma",NA,-23580,603,16.1751652,"1:Recurred/Progressed","Pancreas-Adenocarcinoma Ductal Type","NOT HISPANIC OR LATINO",1e-04,"C25.0","NO","8500/3",12772,"PAAD",19.8094612352168,"1:DECEASED","3559f697-8fec-4f36-962c-632272fe9c9c","25160ba7-23d9-4234-a6c8-8a18e66b8b9b","M0","N1","Stage IIB","T3","Pancreas-Adenocarcinoma Ductal Type","Pancreas","False","False","TCGA-PAAD","Pancreatic Adenocarcinoma","released","WHITE",1,"Primary Tumor",1,"Female",NA,20,425.6,"Dead",2009,16.1751652,1,"DFS"
"TCGA-IB-7652","TCGA-IB-7652-01A-11R-2156-07",11.0186135413469,2,"Classical-like",11.2043363275436,"Low","paad_tcga_gdc","TCGA-IB-7652-01",49,"7th","True","Pancreas","Pancreatic Adenocarcinoma","Pancreatic Adenocarcinoma",476,-18129,NA,36.69000888,"0:DiseaseFree","Pancreas-Adenocarcinoma Ductal Type","NOT HISPANIC OR LATINO",0.3222,"C25.9","NO","8500/3",76,"PAAD",36.6622864651774,"0:LIVING","178e68c0-4cb8-4042-a942-5a159ec1e12b","44402829-f01a-49bb-bcd0-fd5455e7d50b","M0","N1","Stage IIB","T3","Pancreas-Adenocarcinoma Ductal Type","Pancreas","False","False","TCGA-PAAD","Pancreatic Adenocarcinoma","released","ASIAN",1,"Primary Tumor",1,"Female",NA,NA,2.53333333333333,"Alive",2011,36.69000888,0,"DFS"
"TCGA-IB-7885","TCGA-IB-7885-01A-11R-2156-07",11.2823617780062,1,"Basal-like",11.3199157459477,"Low","paad_tcga_gdc","TCGA-IB-7885-01",78,"7th","True","Pancreas","Pancreatic Adenocarcinoma","Pancreatic Adenocarcinoma",851,-28554,NA,4.043791301,"0:DiseaseFree","Pancreas-Adenocarcinoma Ductal Type","NOT HISPANIC OR LATINO",0.0017,"C25.9","NO","8500/3",27,"PAAD",41.2943495400788,"0:LIVING","77e49007-3e44-4157-beae-8f7e94234c78","5efe29b7-fe78-480a-a2b7-dbb605482e83","M0","N1","Stage IIB","T3","Pancreas-Adenocarcinoma Ductal Type","Pancreas","False","False","TCGA-PAAD","Pancreatic Adenocarcinoma","released","WHITE",1,"Primary Tumor",1,"Female",20,20,0.9,"Alive",2010,4.043791301,0,"DFS"
"TCGA-IB-7890","TCGA-IB-7890-01A-12R-2204-07",11.5245943179052,1,"Basal-like",11.3199157459477,"High","paad_tcga_gdc","TCGA-IB-7890-01",73,"6th","True","Pancreas","Pancreatic Adenocarcinoma","Pancreatic Adenocarcinoma",NA,-26747,598,17.26008482,"1:Recurred/Progressed","Pancreas-Adenocarcinoma Ductal Type",NA,0.1226,"C25.9","NO","8500/3",50,"PAAD",19.6452036793692,"1:DECEASED","5494af7d-403a-423b-b7ff-e6db9c117e93","a9423161-fe22-45d8-bb7c-b5e886ff35cc","M0","N0","Stage IB","T2","Pancreas-Adenocarcinoma Ductal Type","Pancreas","False","False","TCGA-PAAD","Pancreatic Adenocarcinoma","released",NA,1,"Primary Tumor",1,"Male",NA,NA,1.66666666666667,"Dead",2008,17.26008482,1,"DFS"
"TCGA-IB-8126","TCGA-IB-8126-01A-11R-2404-07",11.3080575241376,2,"Classical-like",11.2043363275436,"High","paad_tcga_gdc","TCGA-IB-8126-01",79,"7th","True","Pancreas","Pancreatic Adenocarcinoma","Pancreatic Adenocarcinoma",17,-29213,NA,15.97790709,"1:Recurred/Progressed","Pancreas-Adenocarcinoma Ductal Type","NOT HISPANIC OR LATINO",0.0027,"C25.0","NO","8500/3",5,"PAAD",15.1773981603154,"0:LIVING","4387a2c2-8007-4735-a48c-34a2b476018e","45d9fddd-e70d-469b-bb04-f7c2492fe495","M0","N1","Stage III","T4","Pancreas-Adenocarcinoma Ductal Type","Pancreas","False","False","TCGA-PAAD","Pancreatic Adenocarcinoma","released","WHITE",1,"Primary Tumor",1,"Female",4,4,0.166666666666667,"Alive",2011,15.97790709,1,"DFS"
"TCGA-IB-A5SP","TCGA-IB-A5SP-01A-11R-A32O-07",10.9449548588383,2,"Classical-like",11.2043363275436,"Low","paad_tcga_gdc","TCGA-IB-A5SP-01",77,"7th","True","Pancreas","Pancreatic Adenocarcinoma","Pancreatic Adenocarcinoma",300,-28317,NA,6.476641352,"1:Recurred/Progressed","Pancreas-Adenocarcinoma Ductal Type",NA,0.3893,"C25.0","NO","8500/3",36,"PAAD",15.8344283837056,"0:LIVING","bd73ed94-5f4f-4eb3-8b9b-391af4422d0e","e116a129-7ef0-4e24-97c1-3e817b02d964","M0","N0","Stage IIA","T3","Pancreas-Adenocarcinoma Ductal Type","Pancreas","False","False","TCGA-PAAD","Pancreatic Adenocarcinoma","released","WHITE",1,"Primary Tumor",1,"Male",NA,NA,1.2,"Alive",2011,6.476641352,1,"DFS"
"TCGA-IB-A5SQ","TCGA-IB-A5SQ-01A-11R-A32O-07",11.5960829800583,1,"Basal-like",11.3199157459477,"High","paad_tcga_gdc","TCGA-IB-A5SQ-01",56,"7th","True","Pancreas","Pancreatic Adenocarcinoma","Pancreatic Adenocarcinoma",NA,-20760,219,2.169839235,"1:Recurred/Progressed","Pancreas-Adenocarcinoma Ductal Type","NOT HISPANIC OR LATINO",1e-04,"C25.0","NO","8500/3",26,"PAAD",7.19448094612352,"1:DECEASED","4f87e061-e773-48f2-84ba-32401396500e","70ebc8c8-bfb1-4a94-a8f5-6d8ac9262bd1","M0","N0","Stage IB","T2","Pancreas-Adenocarcinoma Ductal Type","Pancreas","False","False","TCGA-PAAD","Pancreatic Adenocarcinoma","released","WHITE",1,"Primary Tumor",1,"Female",NA,NA,0.866666666666667,"Dead",2012,2.169839235,1,"DFS"
"TCGA-IB-A5SS","TCGA-IB-A5SS-01A-11R-A32O-07",11.3577729766073,1,"Basal-like",11.3199157459477,"High","paad_tcga_gdc","TCGA-IB-A5SS-01",64,"7th","False","Pancreas","Pancreatic Adenocarcinoma","Pancreatic Adenocarcinoma",NA,-23431,460,20.87648355,"0:DiseaseFree","Pancreas-Adenocarcinoma Ductal Type","NOT HISPANIC OR LATINO",0.2527,"C25.0","NO","8500/3",32,"PAAD",15.1116951379763,"1:DECEASED","31aca8a3-7107-4b9d-8b6a-c07caa2a9339","d0792a88-62e1-4b9d-8ba9-ac40e2afaa50","M0","N1","Stage IIB","T3","Pancreas-Adenocarcinoma Ductal Type","Pancreas",NA,"False","TCGA-PAAD","Pancreatic Adenocarcinoma","released","WHITE",1,"Primary Tumor",1,"Female",NA,20,1.06666666666667,"Dead",2011,20.87648355,0,"DFS"
"TCGA-IB-A7LX","TCGA-IB-A7LX-01A-12R-A36G-07",11.9326792361601,1,"Basal-like",11.3199157459477,"High","paad_tcga_gdc","TCGA-IB-A7LX-01",57,"7th","True","Pancreas","Pancreatic Adenocarcinoma","Pancreatic Adenocarcinoma",NA,-20898,250,15.87927804,"0:DiseaseFree","Pancreas-Adenocarcinoma Ductal Type","NOT HISPANIC OR LATINO",0.392,"C25.0","NO","8500/3",25,"PAAD",8.21287779237845,"1:DECEASED","712c2f78-c736-42ce-b689-a954c5290987","d27fd323-24c9-4654-a8d5-42da2c54f294","MX","N1","Stage IIB","T3","Pancreas-Adenocarcinoma Ductal Type","Pancreas","False","False","TCGA-PAAD","Pancreatic Adenocarcinoma","released","WHITE",1,"Primary Tumor",1,"Male",NA,NA,0.833333333333333,"Dead",2012,15.87927804,0,"DFS"
"TCGA-IB-AAUM","TCGA-IB-AAUM-01A-11R-A37L-07",11.0515322737845,2,"Classical-like",11.2043363275436,"Low","paad_tcga_gdc","TCGA-IB-AAUM-01",76,"7th","True","Pancreas","Pancreatic Adenocarcinoma","Pancreatic Adenocarcinoma",8,-28013,NA,4.306802117,"1:Recurred/Progressed","Pancreas-Adenocarcinoma Ductal Type","NOT HISPANIC OR LATINO",0,"C25.0","NO","8500/3",12,"PAAD",0.26281208935611,"0:LIVING","cfda26b9-d417-425c-9a72-fa76ca4b296c","5045b6b2-2a2d-4132-a3b7-4e3f98d56b10","M0","N1","Stage IIB","T2","Pancreas-Adenocarcinoma Ductal Type","Pancreas","False","False","TCGA-PAAD","Pancreatic Adenocarcinoma","released","WHITE",1,"Primary Tumor",1,"Male",NA,NA,0.4,"Alive",2013,4.306802117,1,"DFS"
"TCGA-IB-AAUO","TCGA-IB-AAUO-01A-12R-A38C-07",11.3800364683386,1,"Basal-like",11.3199157459477,"High","paad_tcga_gdc","TCGA-IB-AAUO-01",64,"7th","True","Pancreas","Pancreatic Adenocarcinoma","Pancreatic Adenocarcinoma",NA,-23622,239,14.16970773,"0:DiseaseFree","Pancreas-Adenocarcinoma Ductal Type","NOT HISPANIC OR LATINO",0.1423,"C25.0","NO","8500/3",33,"PAAD",7.8515111695138,"1:DECEASED","869e61d6-fbbf-4ca2-be1a-57b82a03c7a1","54f91e93-7222-49b4-a70b-d9456fdb753b","M0","N1","Stage IIB","T3","Pancreas-Adenocarcinoma Ductal Type","Pancreas","False","False","TCGA-PAAD","Pancreatic Adenocarcinoma","released","WHITE",1,"Primary Tumor",1,"Female",NA,NA,1.1,"Dead",2013,14.16970773,0,"DFS"
"TCGA-IB-AAUS","TCGA-IB-AAUS-01A-12R-A38C-07",10.8910954681918,1,"Basal-like",11.3199157459477,"Low","paad_tcga_gdc","TCGA-IB-AAUS-01",84,"7th","True","Pancreas","Pancreatic Adenocarcinoma","Pancreatic Adenocarcinoma",179,-30684,NA,9.435513036,"0:DiseaseFree","Pancreas-Adenocarcinoma Ductal Type","NOT HISPANIC OR LATINO",0,"C25.0","NO","8500/3",1,"PAAD",7.3915900131406,"0:LIVING","69285f58-9b70-4262-acc0-8cf3d47540c3","f1c49186-207b-460e-b4ff-769a7468d172","M0","N1","Stage IIB","T3","Pancreas-Adenocarcinoma Ductal Type","Pancreas","False","False","TCGA-PAAD","Pancreatic Adenocarcinoma","released","WHITE",1,"Primary Tumor",1,"Female",65,40,0.0333333333333333,"Alive",2013,9.435513036,0,"DFS"
"TCGA-IB-AAUT","TCGA-IB-AAUT-01A-11R-A37L-07",10.9125324177464,2,"Classical-like",11.2043363275436,"Low","paad_tcga_gdc","TCGA-IB-AAUT-01",65,"7th","True","Pancreas","Pancreatic Adenocarcinoma","Pancreatic Adenocarcinoma",188,-23801,NA,8.05470625,"0:DiseaseFree","Pancreas-Colloid (mucinous non-cystic) Carcinoma","NOT HISPANIC OR LATINO",0.0013,"C25.0","NO","8480/3",1,"PAAD",9.42838370565046,"0:LIVING","88eaebfc-d740-4cdc-88f5-df5e08633e2d","401b7bee-8bc5-4909-936b-afa27fdfa489","M0","N1","Stage IIB","T2","Pancreas-Colloid (mucinous non-cystic) Carcinoma","Pancreas","False","False","TCGA-PAAD","Pancreatic Adenocarcinoma","released","WHITE",1,"Primary Tumor",1,"Male",15,15,0.0333333333333333,"Alive",2013,8.05470625,0,"DFS"
"TCGA-IB-AAUU","TCGA-IB-AAUU-01A-11R-A37L-07",11.5311991018022,2,"Classical-like",11.2043363275436,"High","paad_tcga_gdc","TCGA-IB-AAUU-01",35,"7th","True","Pancreas","Pancreatic Adenocarcinoma","Pancreatic Adenocarcinoma",153,-13127,NA,13.28204622,"0:DiseaseFree","Pancreas-Adenocarcinoma Ductal Type","NOT HISPANIC OR LATINO",0.204,"C25.0","NO","8500/3",33,"PAAD",8.04862023653088,"0:LIVING","a53c919a-4e08-46f1-af3f-30b16b597c33","c4340082-347a-41e6-a135-3f5f82973de2","M0","N1","Stage IIB","T3","Pancreas-Adenocarcinoma Ductal Type","Pancreas","False","False","TCGA-PAAD","Pancreatic Adenocarcinoma","released","WHITE",1,"Primary Tumor",1,"Male",NA,15,1.1,"Alive",2013,13.28204622,0,"DFS"
"TCGA-Q3-AA2A","TCGA-Q3-AA2A-01A-11R-A37L-07",11.1367557181568,2,"Classical-like",11.2043363275436,"Low","paad_tcga_gdc","TCGA-Q3-AA2A-01",64,"7th","True","Pancreas","Pancreatic Adenocarcinoma","Pancreatic Adenocarcinoma",94,-23685,NA,14.76148207,"1:Recurred/Progressed","Pancreas-Adenocarcinoma Ductal Type","NOT HISPANIC OR LATINO",0.1645,"C25.0","NO","8500/3",17,"PAAD",3.12089356110381,"0:LIVING","23908554-b98e-4ff8-98e7-dee3e2c5feaf","6426fcc8-8fab-4376-b5c0-08b90c975bf4","MX","N1","Stage IB","T3","Pancreas-Adenocarcinoma Ductal Type","Pancreas","False","False","TCGA-PAAD","Pancreatic Adenocarcinoma","released","WHITE",1,"Primary Tumor",1,"Female",NA,NA,0.566666666666667,"Alive",2013,14.76148207,1,"DFS"
"TCGA-RB-AA9M","TCGA-RB-AA9M-01A-11R-A39D-07",11.636432467029,1,"Basal-like",11.3199157459477,"High","paad_tcga_gdc","TCGA-RB-AA9M-01",43,"7th","True","Pancreas","Pancreatic Adenocarcinoma","Pancreatic Adenocarcinoma",42,-15807,NA,0.295887168,"0:DiseaseFree","Pancreas-Adenocarcinoma Ductal Type","NOT HISPANIC OR LATINO",1e-04,"C25.2","NO","8500/3",16,"PAAD",9.39553219448095,"0:LIVING","9d5c5303-550f-454f-8fd4-8abcdd311215","6a57b90f-bd7a-4d50-8585-baee5cc6f282","MX","N1","Stage IIB","T1","Pancreas-Adenocarcinoma Ductal Type","Pancreas","False","False","TCGA-PAAD","Pancreatic Adenocarcinoma","released","WHITE",1,"Primary Tumor",1,"Male",NA,NA,0.533333333333333,"Alive",2013,0.295887168,0,"DFS"
"TCGA-S4-A8RM","TCGA-S4-A8RM-01A-11R-A37L-07",11.6769601720927,2,"Classical-like",11.2043363275436,"High","paad_tcga_gdc","TCGA-S4-A8RM-01",67,"7th","True","Pancreas","Pancreatic Adenocarcinoma","Pancreatic Adenocarcinoma",397,-24589,NA,9.567018444,"1:Recurred/Progressed","Pancreas-Adenocarcinoma Ductal Type","NOT HISPANIC OR LATINO",0.2133,"C25.9","NO","8500/3",29,"PAAD",24.2115637319317,"0:LIVING","c70621cc-c8e1-441d-93ec-bd6922cc7f61","986f9084-bbb8-4afa-9d13-697dad1b7b1a","MX","N1","Stage IIB","T3","Pancreas-Adenocarcinoma Ductal Type","Pancreas","False","False","TCGA-PAAD","Pancreatic Adenocarcinoma","released","WHITE",1,"Primary Tumor",1,"Male",25,25,0.966666666666667,"Alive",2013,9.567018444,1,"DFS"
"TCGA-US-A774","TCGA-US-A774-01A-21R-A32O-07",11.2043363275436,2,"Classical-like",11.2043363275436,"High","paad_tcga_gdc","TCGA-US-A774-01",76,"7th","True","Pancreas","Pancreatic Adenocarcinoma","Pancreatic Adenocarcinoma",NA,-27957,695,39.97764408,"0:DiseaseFree","Pancreas-Adenocarcinoma Ductal Type","NOT HISPANIC OR LATINO",2e-04,"C25.0","NO","8500/3",14,"PAAD",22.8318002628121,"1:DECEASED","09fd6d9e-c715-4d57-88f9-238dd74c79a7","6bf9833f-16c4-41b7-a244-c6866e1bba70","MX","N1","Stage IIB","T3","Pancreas-Adenocarcinoma Ductal Type","Pancreas","False","False","TCGA-PAAD","Pancreatic Adenocarcinoma","released","WHITE",1,"Primary Tumor",1,"Female",37,4.65,0.466666666666667,"Dead",2011,39.97764408,0,"DFS"
"TCGA-XD-AAUI","TCGA-XD-AAUI-01A-42R-A41B-07",11.2583876080818,1,"Basal-like",11.3199157459477,"Low","paad_tcga_gdc","TCGA-XD-AAUI-01",50,"7th","True","Pancreas","Pancreatic Adenocarcinoma","Pancreatic Adenocarcinoma",202,-18607,366,16.37242332,"0:DiseaseFree","Pancreas-Adenocarcinoma Ductal Type","NOT HISPANIC OR LATINO",0.0289,"C25.0","NO","8500/3",25,"PAAD",12.023653088042,"1:DECEASED","9a2db69e-d429-45d4-89ca-a2c4e0cfc116","70cb6430-fd59-4210-b81c-642d6c2b9216","MX","N1","Stage IIB","T3","Pancreas-Adenocarcinoma Ductal Type","Pancreas","False","False","TCGA-PAAD","Pancreatic Adenocarcinoma","released","WHITE",1,"Primary Tumor",1,"Female",NA,NA,0.833333333333333,"Dead",2013,16.37242332,0,"DFS"
"TCGA-XN-A8T5","TCGA-XN-A8T5-01A-12R-A36G-07",11.3199157459477,1,"Basal-like",11.3199157459477,"High","paad_tcga_gdc","TCGA-XN-A8T5-01",53,"7th","False","Pancreas","Pancreatic Adenocarcinoma","Pancreatic Adenocarcinoma",720,-19707,NA,11.50672321,"0:DiseaseFree","Pancreas-Adenocarcinoma-Other Subtype","HISPANIC OR LATINO",0,"C25.0","NO","8500/3",8,"PAAD",23.6530880420499,"0:LIVING","382b279f-87e1-4dbc-a2ca-c1dfde1cf254","d82393fe-49a4-4b96-aee2-6f75399ca315","M0","N0","Stage IB","T2","Pancreas-Adenocarcinoma-Other Subtype","Pancreas","False","False","TCGA-PAAD","Pancreatic Adenocarcinoma","released","WHITE",1,"Primary Tumor",1,"Female",NA,15.2,0.266666666666667,"Alive",2012,11.50672321,0,"DFS"
"TCGA-YH-A8SY","TCGA-YH-A8SY-01A-11R-A37L-07",11.4510456292454,1,"Basal-like",11.3199157459477,"High","paad_tcga_gdc","TCGA-YH-A8SY-01",73,"7th","True","Pancreas","Pancreatic Adenocarcinoma","Pancreatic Adenocarcinoma",388,-26859,NA,66.27872571,"0:DiseaseFree",NA,"NOT HISPANIC OR LATINO",0.27,"C25.0","NO","8140/3",37,"PAAD",12.7463863337714,"0:LIVING","503d7e36-df78-428d-9971-09ff707645c2","80dccacc-f79c-4701-9fa7-77982fe7a9c7","MX","N1",NA,"T3",NA,"Pancreas","False","False","TCGA-PAAD","Pancreatic Adenocarcinoma","released","WHITE",1,"Primary Tumor",1,"Female",NA,NA,1.23333333333333,"Alive",2011,66.27872571,0,"DFS"
"TCGA-YY-A8LH","TCGA-YY-A8LH-01A-11R-A36G-07",11.5473211903583,2,"Classical-like",11.2043363275436,"High","paad_tcga_gdc","TCGA-YY-A8LH-01",61,"6th","True","Pancreas","Pancreatic Adenocarcinoma","Pancreatic Adenocarcinoma",1834,-22376,NA,15.3532564,"0:DiseaseFree","Pancreas-Adenocarcinoma Ductal Type","NOT HISPANIC OR LATINO",0.2641,"C25.0","NO","8500/3",48,"PAAD",66.2286465177398,"0:LIVING","ede2e8a7-465e-4725-880d-519899aba0c0","6515607b-b6d6-42b3-a0f1-b6fc896a0929","MX","N1","Stage IIB","T3","Pancreas-Adenocarcinoma Ductal Type","Pancreas","False","False","TCGA-PAAD","Pancreatic Adenocarcinoma","released","WHITE",1,"Primary Tumor",1,"Female",NA,46,1.6,"Alive",2009,15.3532564,0,"DFS"
