"gene","group","wtko","condition","n","mean_expr","median_expr","sd_expr"
"ACP3","WT_control","WT","control",3,9.13832302132766,9.14658781062145,0.121953145081123
"ACP3","WT_MTK","WT","MTK",3,9.54441443505969,9.53470402964394,0.279711678327108
"ACP3","KO_control","KO","control",3,10.4447130605285,10.4556875629136,0.0338563685343518
"ACP3","KO_MTK","KO","MTK",3,10.2188494435901,10.2492323280638,0.497505146946422
"AMACR","WT_control","WT","control",3,8.97854401648567,9.11016146494741,0.280483616197725
"AMACR","WT_MTK","WT","MTK",3,8.98966360358267,9.09448522553425,0.188308669182927
"AMACR","KO_control","KO","control",3,9.37769665297779,9.41872656933243,0.158292780382895
"AMACR","KO_MTK","KO","MTK",3,9.19750132416818,9.18887309021271,0.115425795334547
"AR","WT_control","WT","control",3,10.0721552338749,9.92017091564459,0.324411269430005
"AR","WT_MTK","WT","MTK",3,9.96245365822846,9.88230628521803,0.157782284553586
"AR","KO_control","KO","control",3,8.91061459123829,8.88886305531202,0.103992174756354
"AR","KO_MTK","KO","MTK",3,8.84923936521467,8.85438964327557,0.0531853846702627
"AURKA","WT_control","WT","control",3,9.50312084022663,9.4963320593735,0.176254318217832
"AURKA","WT_MTK","WT","MTK",3,9.66295502476424,9.71038358203659,0.15038004811931
"AURKA","KO_control","KO","control",3,9.79652556810593,9.80286557739175,0.11259212027233
"AURKA","KO_MTK","KO","MTK",3,10.042779741072,10.1268292200607,0.155765055816255
"BRCA1","WT_control","WT","control",3,8.80169442948575,8.78997009099586,0.0657242327429062
"BRCA1","WT_MTK","WT","MTK",3,8.83210499525389,8.77032125371812,0.232016065004386
"BRCA1","KO_control","KO","control",3,9.36365481338365,9.28255836887812,0.168162050534282
"BRCA1","KO_MTK","KO","MTK",3,9.33525446496027,9.31775280187663,0.0601403381791785
"BRCA2","WT_control","WT","control",3,8.61436139009968,8.60690409196589,0.125312763940603
"BRCA2","WT_MTK","WT","MTK",3,8.64034869694349,8.63890979353042,0.0811113809694975
"BRCA2","KO_control","KO","control",3,9.18811714213534,9.10714801220896,0.21605525952041
"BRCA2","KO_MTK","KO","MTK",3,9.11204593875037,9.26557556818227,0.276415982199673
"CDH1","WT_control","WT","control",3,6.85845783498884,6.81225068326524,0.192617189520677
"CDH1","WT_MTK","WT","MTK",3,6.84640838472078,6.89142466693442,0.198654725865373
"CDH1","KO_control","KO","control",3,7.31446465565306,7.38344353514487,0.138527844356893
"CDH1","KO_MTK","KO","MTK",3,7.34904713066071,7.38183294394066,0.112520960538972
"CHGA","WT_control","WT","control",3,7.88231065846369,7.67588369050225,0.532515238045728
"CHGA","WT_MTK","WT","MTK",3,7.31983604626541,7.33177993033057,0.0258302587948764
"CHGA","KO_control","KO","control",3,7.62226041801367,7.5805659292177,0.335776443735701
"CHGA","KO_MTK","KO","MTK",3,7.30559717199613,7.29389780879168,0.380577785085705
"CHGB","WT_control","WT","control",3,6.10335580490481,6.01639165771519,0.150626321369312
"CHGB","WT_MTK","WT","MTK",3,6.18688351824506,6.20614314251999,0.161724452258801
"CHGB","KO_control","KO","control",3,6.07792646436191,6.01639165771519,0.106581411546046
"CHGB","KO_MTK","KO","MTK",3,6.20889152183103,6.19203769948702,0.0364724294822228
"ERG","WT_control","WT","control",3,8.33174824626873,8.35703975517155,0.0895151091990483
"ERG","WT_MTK","WT","MTK",3,8.34470972011402,8.30157220281828,0.184200923140353
"ERG","KO_control","KO","control",3,8.57914025312465,8.57843457278033,0.0198693171325114
"ERG","KO_MTK","KO","MTK",3,8.39260077504956,8.43560405468018,0.400633951062624
"FOLH1","WT_control","WT","control",3,6.168837896181,6.2062280562217,0.13761500803474
"FOLH1","WT_MTK","WT","MTK",3,6.25448058986862,6.27803947085866,0.0418658992526864
"FOLH1","KO_control","KO","control",3,6.30861181587361,6.33300319566165,0.0446046943166584
"FOLH1","KO_MTK","KO","MTK",3,6.07165912167376,6.01639165771519,0.0957260555817162
"INSM1","WT_control","WT","control",3,6.14102242370001,6.20099597637832,0.10795881178344
"INSM1","WT_MTK","WT","MTK",3,6.22897783190899,6.20614314251999,0.0436059192290763
"INSM1","KO_control","KO","control",3,6.19752918974542,6.24049398404641,0.163933651992079
"INSM1","KO_MTK","KO","MTK",3,6.37815011954605,6.36703704040191,0.133311545809111
"MKI67","WT_control","WT","control",3,11.7401944656181,11.6464680589634,0.207158135622739
"MKI67","WT_MTK","WT","MTK",3,11.8713304322595,11.994440044564,0.220812874892101
"MKI67","KO_control","KO","control",3,12.4771818714866,12.5350759692524,0.114169664234029
"MKI67","KO_MTK","KO","MTK",3,12.6425400409919,12.5929966682877,0.102442243229706
"MYC","WT_control","WT","control",3,14.0766038197194,14.0405623666709,0.206615448343248
"MYC","WT_MTK","WT","MTK",3,14.0258774668826,13.9739689374108,0.140636918266263
"MYC","KO_control","KO","control",3,13.7270766641762,13.7227036727689,0.074764862088721
"MYC","KO_MTK","KO","MTK",3,13.9087020960448,13.8767824657197,0.360277562038146
"NCAM1","WT_control","WT","control",3,10.4408751018631,10.3469883455889,0.163883406142268
"NCAM1","WT_MTK","WT","MTK",3,10.2305527597545,10.157390032624,0.216903830440871
"NCAM1","KO_control","KO","control",3,11.399083027512,11.4004714989393,0.179194942287271
"NCAM1","KO_MTK","KO","MTK",3,10.8634933269021,10.9494988568759,0.353491498209158
"PTEN","WT_control","WT","control",3,11.1219532458833,11.0769518277221,0.08088852280563
"PTEN","WT_MTK","WT","MTK",3,11.1546299679507,11.1801166222233,0.0908107129049725
"PTEN","KO_control","KO","control",3,10.9943585243101,10.9820517715267,0.173306078635792
"PTEN","KO_MTK","KO","MTK",3,10.9810493152232,10.9488607358029,0.0664172339123218
"RB1","WT_control","WT","control",3,9.36425144497529,9.22898333541177,0.250983646131171
"RB1","WT_MTK","WT","MTK",3,9.47922142673668,9.48610769830335,0.0635951654712898
"RB1","KO_control","KO","control",3,8.99892658239784,8.95318071875299,0.0978706682561172
"RB1","KO_MTK","KO","MTK",3,9.10096512768258,9.13061125369174,0.0636485925818179
"SCG2","WT_control","WT","control",3,6.10335580490481,6.01639165771519,0.150626321369312
"SCG2","WT_MTK","WT","MTK",3,6.14013837098762,6.01639165771519,0.214335594657506
"SCG2","KO_control","KO","control",3,6.07316718185979,6.01639165771519,0.0983380924447844
"SCG2","KO_MTK","KO","MTK",3,6.13970338028792,6.01639165771519,0.21358216866479
"SYP","WT_control","WT","control",3,6.70836327650989,6.81000465122899,0.177996688665131
"SYP","WT_MTK","WT","MTK",3,6.69495365565425,6.74954357616244,0.097472180822923
"SYP","KO_control","KO","control",3,6.63653047314518,6.68341775499616,0.0969683267667992
"SYP","KO_MTK","KO","MTK",3,6.70397756330747,6.65370045195324,0.142801423876538
"TFRC","WT_control","WT","control",3,11.3959552661321,11.4415586025925,0.0876362320227884
"TFRC","WT_MTK","WT","MTK",3,11.6907618556059,11.5024576104642,0.380906017220014
"TFRC","KO_control","KO","control",3,11.5092928775916,11.5865376794045,0.145559865532949
"TFRC","KO_MTK","KO","MTK",3,12.1904615346573,12.2744097616409,0.430127457885855
"TMPRSS2","WT_control","WT","control",3,6.27605664119819,6.34472617000763,0.233045780416735
"TMPRSS2","WT_MTK","WT","MTK",3,6.01639165771519,6.01639165771519,0
"TMPRSS2","KO_control","KO","control",3,6.01639165771519,6.01639165771519,0
"TMPRSS2","KO_MTK","KO","MTK",3,6.01639165771519,6.01639165771519,0
"TTF1","WT_control","WT","control",3,8.67091139472826,8.66298626380161,0.0196545067338875
"TTF1","WT_MTK","WT","MTK",3,8.68974884063588,8.69936544427465,0.142999486724591
"TTF1","KO_control","KO","control",3,8.66873058539734,8.68312119668574,0.0540870643923814
"TTF1","KO_MTK","KO","MTK",3,8.6869401206125,8.74761949662576,0.12236154279908
"VIM","WT_control","WT","control",3,17.3651767309628,17.3825219245594,0.0636806892167463
"VIM","WT_MTK","WT","MTK",3,17.1394403053927,17.1010850799166,0.199873578714964
"VIM","KO_control","KO","control",3,16.9275545000717,16.9271920069128,0.212976229880169
"VIM","KO_MTK","KO","MTK",3,16.9327896077883,16.8477565055621,0.149507729450239
