"sample","sample_short","sample_short10","wtko","condition","group","gene","expr"
"WT2888P_OE_MKRN260030412-1A_23M5KWLT4_L1_WT2888P_OE_MKRN260030412-1A_23M5KWLT4_L1","WT2888P","WT2888P_OE","WT","treated","WT_treated","AR",10.1211841297023
"WT2896P_OE_MKRN260030411-1A_23M5KWLT4_L1_WT2896P_OE_MKRN260030411-1A_23M5KWLT4_L1","WT2896P","WT2896P_OE","WT","treated","WT_treated","AR",10.5387481650343
"WT2898C_OE_MKRN260030409-1A_23M5KWLT4_L1_WT2898C_OE_MKRN260030409-1A_23M5KWLT4_L1","WT2898C","WT2898C_OE","WT","control","WT_control","AR",9.55214156637082
"WT2909P_OE_MKRN260030413-1A_23M5KWLT4_L1_WT2909P_OE_MKRN260030413-1A_23M5KWLT4_L1","WT2909P","WT2909P_OE","WT","treated","WT_treated","AR",10.3351114957477
"WT2910C_OE_MKRN260030408-1A_23M5KWLT4_L1_WT2910C_OE_MKRN260030408-1A_23M5KWLT4_L1","WT2910C","WT2910C_OE","WT","control","WT_control","AR",9.44656305674123
"WT2921C_OE_MKRN260030407-1A_23M5KWLT4_L1_WT2921C_OE_MKRN260030407-1A_23M5KWLT4_L1","WT2921C","WT2921C_OE","WT","control","WT_control","AR",10.0861881176942
"WT2965C_OE_MKRN260030410-1A_23M5KWLT4_L1_WT2965C_OE_MKRN260030410-1A_23M5KWLT4_L1","WT2965C","WT2965C_OE","WT","control","WT_control","AR",9.40171077249923
"KO2897P_OE_MKRN260030419-1A_23M5KWLT4_L1_KO2897P_OE_MKRN260030419-1A_23M5KWLT4_L1","KO2897P","KO2897P_OE","KO","treated","KO_treated","AR",8.8882041044528
"KO2908P_OE_MKRN260030420-1A_23M5KWLT4_L1_KO2908P_OE_MKRN260030420-1A_23M5KWLT4_L1","KO2908P","KO2908P_OE","KO","treated","KO_treated","AR",8.98569743511659
"KO2912C_OE_MKRN260030414-1A_23M5KWLT4_L1_KO2912C_OE_MKRN260030414-1A_23M5KWLT4_L1","KO2912C","KO2912C_OE","KO","control","KO_control","AR",8.70500737815069
"KO2913C_OE_MKRN260030417-1A_23M5KWLT4_L1_KO2913C_OE_MKRN260030417-1A_23M5KWLT4_L1","KO2913C","KO2913C_OE","KO","control","KO_control","AR",9.09173328653949
"KO2918C_OE_MKRN260030415-1A_23M5KWLT4_L1_KO2918C_OE_MKRN260030415-1A_23M5KWLT4_L1","KO2918C","KO2918C_OE","KO","control","KO_control","AR",9.23677077610935
"KO2960C_OE_MKRN260030416-1A_23M5KWLT4_L1_KO2960C_OE_MKRN260030416-1A_23M5KWLT4_L1","KO2960C","KO2960C_OE","KO","control","KO_control","AR",8.9573299958971
"KO2966P_OE_MKRN260030418-1A_23M5KWLT4_L1_KO2966P_OE_MKRN260030418-1A_23M5KWLT4_L1","KO2966P","KO2966P_OE","KO","treated","KO_treated","AR",8.90718256524206
"WT2888P_OE_MKRN260030412-1A_23M5KWLT4_L1_WT2888P_OE_MKRN260030412-1A_23M5KWLT4_L1","WT2888P","WT2888P_OE","WT","treated","WT_treated","TMPRSS2",5.81500810717005
"WT2896P_OE_MKRN260030411-1A_23M5KWLT4_L1_WT2896P_OE_MKRN260030411-1A_23M5KWLT4_L1","WT2896P","WT2896P_OE","WT","treated","WT_treated","TMPRSS2",5.81500810717005
"WT2898C_OE_MKRN260030409-1A_23M5KWLT4_L1_WT2898C_OE_MKRN260030409-1A_23M5KWLT4_L1","WT2898C","WT2898C_OE","WT","control","WT_control","TMPRSS2",5.81500810717005
"WT2909P_OE_MKRN260030413-1A_23M5KWLT4_L1_WT2909P_OE_MKRN260030413-1A_23M5KWLT4_L1","WT2909P","WT2909P_OE","WT","treated","WT_treated","TMPRSS2",5.81500810717005
"WT2910C_OE_MKRN260030408-1A_23M5KWLT4_L1_WT2910C_OE_MKRN260030408-1A_23M5KWLT4_L1","WT2910C","WT2910C_OE","WT","control","WT_control","TMPRSS2",5.81500810717005
"WT2921C_OE_MKRN260030407-1A_23M5KWLT4_L1_WT2921C_OE_MKRN260030407-1A_23M5KWLT4_L1","WT2921C","WT2921C_OE","WT","control","WT_control","TMPRSS2",6.094084366444
"WT2965C_OE_MKRN260030410-1A_23M5KWLT4_L1_WT2965C_OE_MKRN260030410-1A_23M5KWLT4_L1","WT2965C","WT2965C_OE","WT","control","WT_control","TMPRSS2",6.06572974089086
"KO2897P_OE_MKRN260030419-1A_23M5KWLT4_L1_KO2897P_OE_MKRN260030419-1A_23M5KWLT4_L1","KO2897P","KO2897P_OE","KO","treated","KO_treated","TMPRSS2",5.81500810717005
"KO2908P_OE_MKRN260030420-1A_23M5KWLT4_L1_KO2908P_OE_MKRN260030420-1A_23M5KWLT4_L1","KO2908P","KO2908P_OE","KO","treated","KO_treated","TMPRSS2",6.1579588084358
"KO2912C_OE_MKRN260030414-1A_23M5KWLT4_L1_KO2912C_OE_MKRN260030414-1A_23M5KWLT4_L1","KO2912C","KO2912C_OE","KO","control","KO_control","TMPRSS2",5.81500810717005
"KO2913C_OE_MKRN260030417-1A_23M5KWLT4_L1_KO2913C_OE_MKRN260030417-1A_23M5KWLT4_L1","KO2913C","KO2913C_OE","KO","control","KO_control","TMPRSS2",5.81500810717005
"KO2918C_OE_MKRN260030415-1A_23M5KWLT4_L1_KO2918C_OE_MKRN260030415-1A_23M5KWLT4_L1","KO2918C","KO2918C_OE","KO","control","KO_control","TMPRSS2",5.81500810717005
"KO2960C_OE_MKRN260030416-1A_23M5KWLT4_L1_KO2960C_OE_MKRN260030416-1A_23M5KWLT4_L1","KO2960C","KO2960C_OE","KO","control","KO_control","TMPRSS2",5.81500810717005
"KO2966P_OE_MKRN260030418-1A_23M5KWLT4_L1_KO2966P_OE_MKRN260030418-1A_23M5KWLT4_L1","KO2966P","KO2966P_OE","KO","treated","KO_treated","TMPRSS2",5.81500810717005
"WT2888P_OE_MKRN260030412-1A_23M5KWLT4_L1_WT2888P_OE_MKRN260030412-1A_23M5KWLT4_L1","WT2888P","WT2888P_OE","WT","treated","WT_treated","AMACR",8.73556589442376
"WT2896P_OE_MKRN260030411-1A_23M5KWLT4_L1_WT2896P_OE_MKRN260030411-1A_23M5KWLT4_L1","WT2896P","WT2896P_OE","WT","treated","WT_treated","AMACR",8.69452030263408
"WT2898C_OE_MKRN260030409-1A_23M5KWLT4_L1_WT2898C_OE_MKRN260030409-1A_23M5KWLT4_L1","WT2898C","WT2898C_OE","WT","control","WT_control","AMACR",8.90581802545218
"WT2909P_OE_MKRN260030413-1A_23M5KWLT4_L1_WT2909P_OE_MKRN260030413-1A_23M5KWLT4_L1","WT2909P","WT2909P_OE","WT","treated","WT_treated","AMACR",8.64324442560054
"WT2910C_OE_MKRN260030408-1A_23M5KWLT4_L1_WT2910C_OE_MKRN260030408-1A_23M5KWLT4_L1","WT2910C","WT2910C_OE","WT","control","WT_control","AMACR",9.27801990301241
"WT2921C_OE_MKRN260030407-1A_23M5KWLT4_L1_WT2921C_OE_MKRN260030407-1A_23M5KWLT4_L1","WT2921C","WT2921C_OE","WT","control","WT_control","AMACR",8.87441049194977
"WT2965C_OE_MKRN260030410-1A_23M5KWLT4_L1_WT2965C_OE_MKRN260030410-1A_23M5KWLT4_L1","WT2965C","WT2965C_OE","WT","control","WT_control","AMACR",9.11011733280561
"KO2897P_OE_MKRN260030419-1A_23M5KWLT4_L1_KO2897P_OE_MKRN260030419-1A_23M5KWLT4_L1","KO2897P","KO2897P_OE","KO","treated","KO_treated","AMACR",9.21778769691094
"KO2908P_OE_MKRN260030420-1A_23M5KWLT4_L1_KO2908P_OE_MKRN260030420-1A_23M5KWLT4_L1","KO2908P","KO2908P_OE","KO","treated","KO_treated","AMACR",9.26347629474923
"KO2912C_OE_MKRN260030414-1A_23M5KWLT4_L1_KO2912C_OE_MKRN260030414-1A_23M5KWLT4_L1","KO2912C","KO2912C_OE","KO","control","KO_control","AMACR",9.15811688433851
"KO2913C_OE_MKRN260030417-1A_23M5KWLT4_L1_KO2913C_OE_MKRN260030417-1A_23M5KWLT4_L1","KO2913C","KO2913C_OE","KO","control","KO_control","AMACR",9.39769010419232
"KO2918C_OE_MKRN260030415-1A_23M5KWLT4_L1_KO2918C_OE_MKRN260030415-1A_23M5KWLT4_L1","KO2918C","KO2918C_OE","KO","control","KO_control","AMACR",9.10780481223169
"KO2960C_OE_MKRN260030416-1A_23M5KWLT4_L1_KO2960C_OE_MKRN260030416-1A_23M5KWLT4_L1","KO2960C","KO2960C_OE","KO","control","KO_control","AMACR",9.2835071512405
"KO2966P_OE_MKRN260030418-1A_23M5KWLT4_L1_KO2966P_OE_MKRN260030418-1A_23M5KWLT4_L1","KO2966P","KO2966P_OE","KO","treated","KO_treated","AMACR",9.01625688984459
"WT2888P_OE_MKRN260030412-1A_23M5KWLT4_L1_WT2888P_OE_MKRN260030412-1A_23M5KWLT4_L1","WT2888P","WT2888P_OE","WT","treated","WT_treated","ERG",8.26166641638195
"WT2896P_OE_MKRN260030411-1A_23M5KWLT4_L1_WT2896P_OE_MKRN260030411-1A_23M5KWLT4_L1","WT2896P","WT2896P_OE","WT","treated","WT_treated","ERG",8.07403784891384
"WT2898C_OE_MKRN260030409-1A_23M5KWLT4_L1_WT2898C_OE_MKRN260030409-1A_23M5KWLT4_L1","WT2898C","WT2898C_OE","WT","control","WT_control","ERG",8.80220586500412
"WT2909P_OE_MKRN260030413-1A_23M5KWLT4_L1_WT2909P_OE_MKRN260030413-1A_23M5KWLT4_L1","WT2909P","WT2909P_OE","WT","treated","WT_treated","ERG",8.10378520308441
"WT2910C_OE_MKRN260030408-1A_23M5KWLT4_L1_WT2910C_OE_MKRN260030408-1A_23M5KWLT4_L1","WT2910C","WT2910C_OE","WT","control","WT_control","ERG",8.40990802354092
"WT2921C_OE_MKRN260030407-1A_23M5KWLT4_L1_WT2921C_OE_MKRN260030407-1A_23M5KWLT4_L1","WT2921C","WT2921C_OE","WT","control","WT_control","ERG",7.91974789473942
"WT2965C_OE_MKRN260030410-1A_23M5KWLT4_L1_WT2965C_OE_MKRN260030410-1A_23M5KWLT4_L1","WT2965C","WT2965C_OE","WT","control","WT_control","ERG",8.4649457056211
"KO2897P_OE_MKRN260030419-1A_23M5KWLT4_L1_KO2897P_OE_MKRN260030419-1A_23M5KWLT4_L1","KO2897P","KO2897P_OE","KO","treated","KO_treated","ERG",8.25603281781322
"KO2908P_OE_MKRN260030420-1A_23M5KWLT4_L1_KO2908P_OE_MKRN260030420-1A_23M5KWLT4_L1","KO2908P","KO2908P_OE","KO","treated","KO_treated","ERG",9.01906808607465
"KO2912C_OE_MKRN260030414-1A_23M5KWLT4_L1_KO2912C_OE_MKRN260030414-1A_23M5KWLT4_L1","KO2912C","KO2912C_OE","KO","control","KO_control","ERG",9.28663656371669
"KO2913C_OE_MKRN260030417-1A_23M5KWLT4_L1_KO2913C_OE_MKRN260030417-1A_23M5KWLT4_L1","KO2913C","KO2913C_OE","KO","control","KO_control","ERG",8.70050414110872
"KO2918C_OE_MKRN260030415-1A_23M5KWLT4_L1_KO2918C_OE_MKRN260030415-1A_23M5KWLT4_L1","KO2918C","KO2918C_OE","KO","control","KO_control","ERG",9.12098116242096
"KO2960C_OE_MKRN260030416-1A_23M5KWLT4_L1_KO2960C_OE_MKRN260030416-1A_23M5KWLT4_L1","KO2960C","KO2960C_OE","KO","control","KO_control","ERG",8.47368140394923
"KO2966P_OE_MKRN260030418-1A_23M5KWLT4_L1_KO2966P_OE_MKRN260030418-1A_23M5KWLT4_L1","KO2966P","KO2966P_OE","KO","treated","KO_treated","ERG",8.52466479966066
"WT2888P_OE_MKRN260030412-1A_23M5KWLT4_L1_WT2888P_OE_MKRN260030412-1A_23M5KWLT4_L1","WT2888P","WT2888P_OE","WT","treated","WT_treated","MKI67",12.2885703774025
"WT2896P_OE_MKRN260030411-1A_23M5KWLT4_L1_WT2896P_OE_MKRN260030411-1A_23M5KWLT4_L1","WT2896P","WT2896P_OE","WT","treated","WT_treated","MKI67",12.2749010549379
"WT2898C_OE_MKRN260030409-1A_23M5KWLT4_L1_WT2898C_OE_MKRN260030409-1A_23M5KWLT4_L1","WT2898C","WT2898C_OE","WT","control","WT_control","MKI67",12.2430877971404
"WT2909P_OE_MKRN260030413-1A_23M5KWLT4_L1_WT2909P_OE_MKRN260030413-1A_23M5KWLT4_L1","WT2909P","WT2909P_OE","WT","treated","WT_treated","MKI67",12.1038828792246
"WT2910C_OE_MKRN260030408-1A_23M5KWLT4_L1_WT2910C_OE_MKRN260030408-1A_23M5KWLT4_L1","WT2910C","WT2910C_OE","WT","control","WT_control","MKI67",12.596580388104
"WT2921C_OE_MKRN260030407-1A_23M5KWLT4_L1_WT2921C_OE_MKRN260030407-1A_23M5KWLT4_L1","WT2921C","WT2921C_OE","WT","control","WT_control","MKI67",12.3697413253075
"WT2965C_OE_MKRN260030410-1A_23M5KWLT4_L1_WT2965C_OE_MKRN260030410-1A_23M5KWLT4_L1","WT2965C","WT2965C_OE","WT","control","WT_control","MKI67",12.2432147444707
"KO2897P_OE_MKRN260030419-1A_23M5KWLT4_L1_KO2897P_OE_MKRN260030419-1A_23M5KWLT4_L1","KO2897P","KO2897P_OE","KO","treated","KO_treated","MKI67",12.9858090127437
"KO2908P_OE_MKRN260030420-1A_23M5KWLT4_L1_KO2908P_OE_MKRN260030420-1A_23M5KWLT4_L1","KO2908P","KO2908P_OE","KO","treated","KO_treated","MKI67",12.8108953295152
"KO2912C_OE_MKRN260030414-1A_23M5KWLT4_L1_KO2912C_OE_MKRN260030414-1A_23M5KWLT4_L1","KO2912C","KO2912C_OE","KO","control","KO_control","MKI67",12.4976939479479
"KO2913C_OE_MKRN260030417-1A_23M5KWLT4_L1_KO2913C_OE_MKRN260030417-1A_23M5KWLT4_L1","KO2913C","KO2913C_OE","KO","control","KO_control","MKI67",12.4398932469397
"KO2918C_OE_MKRN260030415-1A_23M5KWLT4_L1_KO2918C_OE_MKRN260030415-1A_23M5KWLT4_L1","KO2918C","KO2918C_OE","KO","control","KO_control","MKI67",12.6355761223424
"KO2960C_OE_MKRN260030416-1A_23M5KWLT4_L1_KO2960C_OE_MKRN260030416-1A_23M5KWLT4_L1","KO2960C","KO2960C_OE","KO","control","KO_control","MKI67",12.5933218088042
"KO2966P_OE_MKRN260030418-1A_23M5KWLT4_L1_KO2966P_OE_MKRN260030418-1A_23M5KWLT4_L1","KO2966P","KO2966P_OE","KO","treated","KO_treated","MKI67",12.6960237157135
"WT2888P_OE_MKRN260030412-1A_23M5KWLT4_L1_WT2888P_OE_MKRN260030412-1A_23M5KWLT4_L1","WT2888P","WT2888P_OE","WT","treated","WT_treated","CDH1",6.95924964009953
"WT2896P_OE_MKRN260030411-1A_23M5KWLT4_L1_WT2896P_OE_MKRN260030411-1A_23M5KWLT4_L1","WT2896P","WT2896P_OE","WT","treated","WT_treated","CDH1",6.66179157860677
"WT2898C_OE_MKRN260030409-1A_23M5KWLT4_L1_WT2898C_OE_MKRN260030409-1A_23M5KWLT4_L1","WT2898C","WT2898C_OE","WT","control","WT_control","CDH1",7.0135789351282
"WT2909P_OE_MKRN260030413-1A_23M5KWLT4_L1_WT2909P_OE_MKRN260030413-1A_23M5KWLT4_L1","WT2909P","WT2909P_OE","WT","treated","WT_treated","CDH1",7.20837471859105
"WT2910C_OE_MKRN260030408-1A_23M5KWLT4_L1_WT2910C_OE_MKRN260030408-1A_23M5KWLT4_L1","WT2910C","WT2910C_OE","WT","control","WT_control","CDH1",6.96494329524261
"WT2921C_OE_MKRN260030407-1A_23M5KWLT4_L1_WT2921C_OE_MKRN260030407-1A_23M5KWLT4_L1","WT2921C","WT2921C_OE","WT","control","WT_control","CDH1",7.38933650349924
"WT2965C_OE_MKRN260030410-1A_23M5KWLT4_L1_WT2965C_OE_MKRN260030410-1A_23M5KWLT4_L1","WT2965C","WT2965C_OE","WT","control","WT_control","CDH1",6.9743365086094
"KO2897P_OE_MKRN260030419-1A_23M5KWLT4_L1_KO2897P_OE_MKRN260030419-1A_23M5KWLT4_L1","KO2897P","KO2897P_OE","KO","treated","KO_treated","CDH1",7.3796388020283
"KO2908P_OE_MKRN260030420-1A_23M5KWLT4_L1_KO2908P_OE_MKRN260030420-1A_23M5KWLT4_L1","KO2908P","KO2908P_OE","KO","treated","KO_treated","CDH1",7.10316157795626
"KO2912C_OE_MKRN260030414-1A_23M5KWLT4_L1_KO2912C_OE_MKRN260030414-1A_23M5KWLT4_L1","KO2912C","KO2912C_OE","KO","control","KO_control","CDH1",7.07018180816503
"KO2913C_OE_MKRN260030417-1A_23M5KWLT4_L1_KO2913C_OE_MKRN260030417-1A_23M5KWLT4_L1","KO2913C","KO2913C_OE","KO","control","KO_control","CDH1",7.18247431272333
"KO2918C_OE_MKRN260030415-1A_23M5KWLT4_L1_KO2918C_OE_MKRN260030415-1A_23M5KWLT4_L1","KO2918C","KO2918C_OE","KO","control","KO_control","CDH1",7.32108897635639
"KO2960C_OE_MKRN260030416-1A_23M5KWLT4_L1_KO2960C_OE_MKRN260030416-1A_23M5KWLT4_L1","KO2960C","KO2960C_OE","KO","control","KO_control","CDH1",7.04943748847497
"KO2966P_OE_MKRN260030418-1A_23M5KWLT4_L1_KO2966P_OE_MKRN260030418-1A_23M5KWLT4_L1","KO2966P","KO2966P_OE","KO","treated","KO_treated","CDH1",6.79493472893065
"WT2888P_OE_MKRN260030412-1A_23M5KWLT4_L1_WT2888P_OE_MKRN260030412-1A_23M5KWLT4_L1","WT2888P","WT2888P_OE","WT","treated","WT_treated","VIM",17.2354777589129
"WT2896P_OE_MKRN260030411-1A_23M5KWLT4_L1_WT2896P_OE_MKRN260030411-1A_23M5KWLT4_L1","WT2896P","WT2896P_OE","WT","treated","WT_treated","VIM",16.9560711756091
"WT2898C_OE_MKRN260030409-1A_23M5KWLT4_L1_WT2898C_OE_MKRN260030409-1A_23M5KWLT4_L1","WT2898C","WT2898C_OE","WT","control","WT_control","VIM",16.9453222992971
"WT2909P_OE_MKRN260030413-1A_23M5KWLT4_L1_WT2909P_OE_MKRN260030413-1A_23M5KWLT4_L1","WT2909P","WT2909P_OE","WT","treated","WT_treated","VIM",17.2616338866407
"WT2910C_OE_MKRN260030408-1A_23M5KWLT4_L1_WT2910C_OE_MKRN260030408-1A_23M5KWLT4_L1","WT2910C","WT2910C_OE","WT","control","WT_control","VIM",17.2683556255274
"WT2921C_OE_MKRN260030407-1A_23M5KWLT4_L1_WT2921C_OE_MKRN260030407-1A_23M5KWLT4_L1","WT2921C","WT2921C_OE","WT","control","WT_control","VIM",17.5777278466955
"WT2965C_OE_MKRN260030410-1A_23M5KWLT4_L1_WT2965C_OE_MKRN260030410-1A_23M5KWLT4_L1","WT2965C","WT2965C_OE","WT","control","WT_control","VIM",17.0156532903788
"KO2897P_OE_MKRN260030419-1A_23M5KWLT4_L1_KO2897P_OE_MKRN260030419-1A_23M5KWLT4_L1","KO2897P","KO2897P_OE","KO","treated","KO_treated","VIM",17.0619758095021
"KO2908P_OE_MKRN260030420-1A_23M5KWLT4_L1_KO2908P_OE_MKRN260030420-1A_23M5KWLT4_L1","KO2908P","KO2908P_OE","KO","treated","KO_treated","VIM",17.4575981619502
"KO2912C_OE_MKRN260030414-1A_23M5KWLT4_L1_KO2912C_OE_MKRN260030414-1A_23M5KWLT4_L1","KO2912C","KO2912C_OE","KO","control","KO_control","VIM",17.127637022594
"KO2913C_OE_MKRN260030417-1A_23M5KWLT4_L1_KO2913C_OE_MKRN260030417-1A_23M5KWLT4_L1","KO2913C","KO2913C_OE","KO","control","KO_control","VIM",17.3741376229619
"KO2918C_OE_MKRN260030415-1A_23M5KWLT4_L1_KO2918C_OE_MKRN260030415-1A_23M5KWLT4_L1","KO2918C","KO2918C_OE","KO","control","KO_control","VIM",17.1607389024608
"KO2960C_OE_MKRN260030416-1A_23M5KWLT4_L1_KO2960C_OE_MKRN260030416-1A_23M5KWLT4_L1","KO2960C","KO2960C_OE","KO","control","KO_control","VIM",17.3671758272138
"KO2966P_OE_MKRN260030418-1A_23M5KWLT4_L1_KO2966P_OE_MKRN260030418-1A_23M5KWLT4_L1","KO2966P","KO2966P_OE","KO","treated","KO_treated","VIM",17.0006750944616
"WT2888P_OE_MKRN260030412-1A_23M5KWLT4_L1_WT2888P_OE_MKRN260030412-1A_23M5KWLT4_L1","WT2888P","WT2888P_OE","WT","treated","WT_treated","AURKA",10.2926029148787
"WT2896P_OE_MKRN260030411-1A_23M5KWLT4_L1_WT2896P_OE_MKRN260030411-1A_23M5KWLT4_L1","WT2896P","WT2896P_OE","WT","treated","WT_treated","AURKA",10.3865645689123
"WT2898C_OE_MKRN260030409-1A_23M5KWLT4_L1_WT2898C_OE_MKRN260030409-1A_23M5KWLT4_L1","WT2898C","WT2898C_OE","WT","control","WT_control","AURKA",10.2437396448723
"WT2909P_OE_MKRN260030413-1A_23M5KWLT4_L1_WT2909P_OE_MKRN260030413-1A_23M5KWLT4_L1","WT2909P","WT2909P_OE","WT","treated","WT_treated","AURKA",9.86148601871025
"WT2910C_OE_MKRN260030408-1A_23M5KWLT4_L1_WT2910C_OE_MKRN260030408-1A_23M5KWLT4_L1","WT2910C","WT2910C_OE","WT","control","WT_control","AURKA",10.0732494752866
"WT2921C_OE_MKRN260030407-1A_23M5KWLT4_L1_WT2921C_OE_MKRN260030407-1A_23M5KWLT4_L1","WT2921C","WT2921C_OE","WT","control","WT_control","AURKA",9.67167888928423
"WT2965C_OE_MKRN260030410-1A_23M5KWLT4_L1_WT2965C_OE_MKRN260030410-1A_23M5KWLT4_L1","WT2965C","WT2965C_OE","WT","control","WT_control","AURKA",10.0693720336247
"KO2897P_OE_MKRN260030419-1A_23M5KWLT4_L1_KO2897P_OE_MKRN260030419-1A_23M5KWLT4_L1","KO2897P","KO2897P_OE","KO","treated","KO_treated","AURKA",10.1916061722229
"KO2908P_OE_MKRN260030420-1A_23M5KWLT4_L1_KO2908P_OE_MKRN260030420-1A_23M5KWLT4_L1","KO2908P","KO2908P_OE","KO","treated","KO_treated","AURKA",9.85377359105613
"KO2912C_OE_MKRN260030414-1A_23M5KWLT4_L1_KO2912C_OE_MKRN260030414-1A_23M5KWLT4_L1","KO2912C","KO2912C_OE","KO","control","KO_control","AURKA",9.96571958120378
"KO2913C_OE_MKRN260030417-1A_23M5KWLT4_L1_KO2913C_OE_MKRN260030417-1A_23M5KWLT4_L1","KO2913C","KO2913C_OE","KO","control","KO_control","AURKA",9.6131116241017
"KO2918C_OE_MKRN260030415-1A_23M5KWLT4_L1_KO2918C_OE_MKRN260030415-1A_23M5KWLT4_L1","KO2918C","KO2918C_OE","KO","control","KO_control","AURKA",10.0004196330076
"KO2960C_OE_MKRN260030416-1A_23M5KWLT4_L1_KO2960C_OE_MKRN260030416-1A_23M5KWLT4_L1","KO2960C","KO2960C_OE","KO","control","KO_control","AURKA",9.91838229914788
"KO2966P_OE_MKRN260030418-1A_23M5KWLT4_L1_KO2966P_OE_MKRN260030418-1A_23M5KWLT4_L1","KO2966P","KO2966P_OE","KO","treated","KO_treated","AURKA",10.0933027076631
"WT2888P_OE_MKRN260030412-1A_23M5KWLT4_L1_WT2888P_OE_MKRN260030412-1A_23M5KWLT4_L1","WT2888P","WT2888P_OE","WT","treated","WT_treated","BRCA1",9.07919054724222
"WT2896P_OE_MKRN260030411-1A_23M5KWLT4_L1_WT2896P_OE_MKRN260030411-1A_23M5KWLT4_L1","WT2896P","WT2896P_OE","WT","treated","WT_treated","BRCA1",9.7181806858819
"WT2898C_OE_MKRN260030409-1A_23M5KWLT4_L1_WT2898C_OE_MKRN260030409-1A_23M5KWLT4_L1","WT2898C","WT2898C_OE","WT","control","WT_control","BRCA1",9.37986009602542
"WT2909P_OE_MKRN260030413-1A_23M5KWLT4_L1_WT2909P_OE_MKRN260030413-1A_23M5KWLT4_L1","WT2909P","WT2909P_OE","WT","treated","WT_treated","BRCA1",8.90393417487313
"WT2910C_OE_MKRN260030408-1A_23M5KWLT4_L1_WT2910C_OE_MKRN260030408-1A_23M5KWLT4_L1","WT2910C","WT2910C_OE","WT","control","WT_control","BRCA1",8.9761961495742
"WT2921C_OE_MKRN260030407-1A_23M5KWLT4_L1_WT2921C_OE_MKRN260030407-1A_23M5KWLT4_L1","WT2921C","WT2921C_OE","WT","control","WT_control","BRCA1",8.93250917185031
"WT2965C_OE_MKRN260030410-1A_23M5KWLT4_L1_WT2965C_OE_MKRN260030410-1A_23M5KWLT4_L1","WT2965C","WT2965C_OE","WT","control","WT_control","BRCA1",9.0667381209463
"KO2897P_OE_MKRN260030419-1A_23M5KWLT4_L1_KO2897P_OE_MKRN260030419-1A_23M5KWLT4_L1","KO2897P","KO2897P_OE","KO","treated","KO_treated","BRCA1",9.43194140638039
"KO2908P_OE_MKRN260030420-1A_23M5KWLT4_L1_KO2908P_OE_MKRN260030420-1A_23M5KWLT4_L1","KO2908P","KO2908P_OE","KO","treated","KO_treated","BRCA1",9.02206294385132
"KO2912C_OE_MKRN260030414-1A_23M5KWLT4_L1_KO2912C_OE_MKRN260030414-1A_23M5KWLT4_L1","KO2912C","KO2912C_OE","KO","control","KO_control","BRCA1",9.0374100233864
"KO2913C_OE_MKRN260030417-1A_23M5KWLT4_L1_KO2913C_OE_MKRN260030417-1A_23M5KWLT4_L1","KO2913C","KO2913C_OE","KO","control","KO_control","BRCA1",8.90215864308315
"KO2918C_OE_MKRN260030415-1A_23M5KWLT4_L1_KO2918C_OE_MKRN260030415-1A_23M5KWLT4_L1","KO2918C","KO2918C_OE","KO","control","KO_control","BRCA1",9.00912091768953
"KO2960C_OE_MKRN260030416-1A_23M5KWLT4_L1_KO2960C_OE_MKRN260030416-1A_23M5KWLT4_L1","KO2960C","KO2960C_OE","KO","control","KO_control","BRCA1",9.07462438654873
"KO2966P_OE_MKRN260030418-1A_23M5KWLT4_L1_KO2966P_OE_MKRN260030418-1A_23M5KWLT4_L1","KO2966P","KO2966P_OE","KO","treated","KO_treated","BRCA1",9.45492728706565
"WT2888P_OE_MKRN260030412-1A_23M5KWLT4_L1_WT2888P_OE_MKRN260030412-1A_23M5KWLT4_L1","WT2888P","WT2888P_OE","WT","treated","WT_treated","BRCA2",8.57471531488035
"WT2896P_OE_MKRN260030411-1A_23M5KWLT4_L1_WT2896P_OE_MKRN260030411-1A_23M5KWLT4_L1","WT2896P","WT2896P_OE","WT","treated","WT_treated","BRCA2",8.88916530478555
"WT2898C_OE_MKRN260030409-1A_23M5KWLT4_L1_WT2898C_OE_MKRN260030409-1A_23M5KWLT4_L1","WT2898C","WT2898C_OE","WT","control","WT_control","BRCA2",8.8694993444156
"WT2909P_OE_MKRN260030413-1A_23M5KWLT4_L1_WT2909P_OE_MKRN260030413-1A_23M5KWLT4_L1","WT2909P","WT2909P_OE","WT","treated","WT_treated","BRCA2",8.51734925872347
"WT2910C_OE_MKRN260030408-1A_23M5KWLT4_L1_WT2910C_OE_MKRN260030408-1A_23M5KWLT4_L1","WT2910C","WT2910C_OE","WT","control","WT_control","BRCA2",8.86840566160214
"WT2921C_OE_MKRN260030407-1A_23M5KWLT4_L1_WT2921C_OE_MKRN260030407-1A_23M5KWLT4_L1","WT2921C","WT2921C_OE","WT","control","WT_control","BRCA2",8.75403718726365
"WT2965C_OE_MKRN260030410-1A_23M5KWLT4_L1_WT2965C_OE_MKRN260030410-1A_23M5KWLT4_L1","WT2965C","WT2965C_OE","WT","control","WT_control","BRCA2",8.55477706955798
"KO2897P_OE_MKRN260030419-1A_23M5KWLT4_L1_KO2897P_OE_MKRN260030419-1A_23M5KWLT4_L1","KO2897P","KO2897P_OE","KO","treated","KO_treated","BRCA2",9.08347350917721
"KO2908P_OE_MKRN260030420-1A_23M5KWLT4_L1_KO2908P_OE_MKRN260030420-1A_23M5KWLT4_L1","KO2908P","KO2908P_OE","KO","treated","KO_treated","BRCA2",8.46769299070773
"KO2912C_OE_MKRN260030414-1A_23M5KWLT4_L1_KO2912C_OE_MKRN260030414-1A_23M5KWLT4_L1","KO2912C","KO2912C_OE","KO","control","KO_control","BRCA2",8.38450268326279
"KO2913C_OE_MKRN260030417-1A_23M5KWLT4_L1_KO2913C_OE_MKRN260030417-1A_23M5KWLT4_L1","KO2913C","KO2913C_OE","KO","control","KO_control","BRCA2",8.38770636022925
"KO2918C_OE_MKRN260030415-1A_23M5KWLT4_L1_KO2918C_OE_MKRN260030415-1A_23M5KWLT4_L1","KO2918C","KO2918C_OE","KO","control","KO_control","BRCA2",8.48067311972916
"KO2960C_OE_MKRN260030416-1A_23M5KWLT4_L1_KO2960C_OE_MKRN260030416-1A_23M5KWLT4_L1","KO2960C","KO2960C_OE","KO","control","KO_control","BRCA2",8.31946059633737
"KO2966P_OE_MKRN260030418-1A_23M5KWLT4_L1_KO2966P_OE_MKRN260030418-1A_23M5KWLT4_L1","KO2966P","KO2966P_OE","KO","treated","KO_treated","BRCA2",8.38737569712927
"WT2888P_OE_MKRN260030412-1A_23M5KWLT4_L1_WT2888P_OE_MKRN260030412-1A_23M5KWLT4_L1","WT2888P","WT2888P_OE","WT","treated","WT_treated","MYC",14.235466931449
"WT2896P_OE_MKRN260030411-1A_23M5KWLT4_L1_WT2896P_OE_MKRN260030411-1A_23M5KWLT4_L1","WT2896P","WT2896P_OE","WT","treated","WT_treated","MYC",14.9533863842939
"WT2898C_OE_MKRN260030409-1A_23M5KWLT4_L1_WT2898C_OE_MKRN260030409-1A_23M5KWLT4_L1","WT2898C","WT2898C_OE","WT","control","WT_control","MYC",13.8426274888162
"WT2909P_OE_MKRN260030413-1A_23M5KWLT4_L1_WT2909P_OE_MKRN260030413-1A_23M5KWLT4_L1","WT2909P","WT2909P_OE","WT","treated","WT_treated","MYC",13.9958272120162
"WT2910C_OE_MKRN260030408-1A_23M5KWLT4_L1_WT2910C_OE_MKRN260030408-1A_23M5KWLT4_L1","WT2910C","WT2910C_OE","WT","control","WT_control","MYC",14.1470158616742
"WT2921C_OE_MKRN260030407-1A_23M5KWLT4_L1_WT2921C_OE_MKRN260030407-1A_23M5KWLT4_L1","WT2921C","WT2921C_OE","WT","control","WT_control","MYC",14.1847220431962
"WT2965C_OE_MKRN260030410-1A_23M5KWLT4_L1_WT2965C_OE_MKRN260030410-1A_23M5KWLT4_L1","WT2965C","WT2965C_OE","WT","control","WT_control","MYC",13.7849980764619
"KO2897P_OE_MKRN260030419-1A_23M5KWLT4_L1_KO2897P_OE_MKRN260030419-1A_23M5KWLT4_L1","KO2897P","KO2897P_OE","KO","treated","KO_treated","MYC",13.7109955984683
"KO2908P_OE_MKRN260030420-1A_23M5KWLT4_L1_KO2908P_OE_MKRN260030420-1A_23M5KWLT4_L1","KO2908P","KO2908P_OE","KO","treated","KO_treated","MYC",13.8273731682282
"KO2912C_OE_MKRN260030414-1A_23M5KWLT4_L1_KO2912C_OE_MKRN260030414-1A_23M5KWLT4_L1","KO2912C","KO2912C_OE","KO","control","KO_control","MYC",13.6151808114038
"KO2913C_OE_MKRN260030417-1A_23M5KWLT4_L1_KO2913C_OE_MKRN260030417-1A_23M5KWLT4_L1","KO2913C","KO2913C_OE","KO","control","KO_control","MYC",13.9291736817317
"KO2918C_OE_MKRN260030415-1A_23M5KWLT4_L1_KO2918C_OE_MKRN260030415-1A_23M5KWLT4_L1","KO2918C","KO2918C_OE","KO","control","KO_control","MYC",13.719027310146
"KO2960C_OE_MKRN260030416-1A_23M5KWLT4_L1_KO2960C_OE_MKRN260030416-1A_23M5KWLT4_L1","KO2960C","KO2960C_OE","KO","control","KO_control","MYC",13.8633841614952
"KO2966P_OE_MKRN260030418-1A_23M5KWLT4_L1_KO2966P_OE_MKRN260030418-1A_23M5KWLT4_L1","KO2966P","KO2966P_OE","KO","treated","KO_treated","MYC",13.832488124882
"WT2888P_OE_MKRN260030412-1A_23M5KWLT4_L1_WT2888P_OE_MKRN260030412-1A_23M5KWLT4_L1","WT2888P","WT2888P_OE","WT","treated","WT_treated","PTEN",11.254209490809
"WT2896P_OE_MKRN260030411-1A_23M5KWLT4_L1_WT2896P_OE_MKRN260030411-1A_23M5KWLT4_L1","WT2896P","WT2896P_OE","WT","treated","WT_treated","PTEN",11.7774869184035
"WT2898C_OE_MKRN260030409-1A_23M5KWLT4_L1_WT2898C_OE_MKRN260030409-1A_23M5KWLT4_L1","WT2898C","WT2898C_OE","WT","control","WT_control","PTEN",11.376656385765
"WT2909P_OE_MKRN260030413-1A_23M5KWLT4_L1_WT2909P_OE_MKRN260030413-1A_23M5KWLT4_L1","WT2909P","WT2909P_OE","WT","treated","WT_treated","PTEN",11.0103741226798
"WT2910C_OE_MKRN260030408-1A_23M5KWLT4_L1_WT2910C_OE_MKRN260030408-1A_23M5KWLT4_L1","WT2910C","WT2910C_OE","WT","control","WT_control","PTEN",11.0919709244616
"WT2921C_OE_MKRN260030407-1A_23M5KWLT4_L1_WT2921C_OE_MKRN260030407-1A_23M5KWLT4_L1","WT2921C","WT2921C_OE","WT","control","WT_control","PTEN",11.1095548899194
"WT2965C_OE_MKRN260030410-1A_23M5KWLT4_L1_WT2965C_OE_MKRN260030410-1A_23M5KWLT4_L1","WT2965C","WT2965C_OE","WT","control","WT_control","PTEN",11.1233641580102
"KO2897P_OE_MKRN260030419-1A_23M5KWLT4_L1_KO2897P_OE_MKRN260030419-1A_23M5KWLT4_L1","KO2897P","KO2897P_OE","KO","treated","KO_treated","PTEN",11.2194934417621
"KO2908P_OE_MKRN260030420-1A_23M5KWLT4_L1_KO2908P_OE_MKRN260030420-1A_23M5KWLT4_L1","KO2908P","KO2908P_OE","KO","treated","KO_treated","PTEN",10.9299879932378
"KO2912C_OE_MKRN260030414-1A_23M5KWLT4_L1_KO2912C_OE_MKRN260030414-1A_23M5KWLT4_L1","KO2912C","KO2912C_OE","KO","control","KO_control","PTEN",11.275558321831
"KO2913C_OE_MKRN260030417-1A_23M5KWLT4_L1_KO2913C_OE_MKRN260030417-1A_23M5KWLT4_L1","KO2913C","KO2913C_OE","KO","control","KO_control","PTEN",10.8032265540719
"KO2918C_OE_MKRN260030415-1A_23M5KWLT4_L1_KO2918C_OE_MKRN260030415-1A_23M5KWLT4_L1","KO2918C","KO2918C_OE","KO","control","KO_control","PTEN",11.059400702214
"KO2960C_OE_MKRN260030416-1A_23M5KWLT4_L1_KO2960C_OE_MKRN260030416-1A_23M5KWLT4_L1","KO2960C","KO2960C_OE","KO","control","KO_control","PTEN",10.9156396224927
"KO2966P_OE_MKRN260030418-1A_23M5KWLT4_L1_KO2966P_OE_MKRN260030418-1A_23M5KWLT4_L1","KO2966P","KO2966P_OE","KO","treated","KO_treated","PTEN",11.0238197535138
"WT2888P_OE_MKRN260030412-1A_23M5KWLT4_L1_WT2888P_OE_MKRN260030412-1A_23M5KWLT4_L1","WT2888P","WT2888P_OE","WT","treated","WT_treated","RB1",9.20176251925125
"WT2896P_OE_MKRN260030411-1A_23M5KWLT4_L1_WT2896P_OE_MKRN260030411-1A_23M5KWLT4_L1","WT2896P","WT2896P_OE","WT","treated","WT_treated","RB1",9.42789089271977
"WT2898C_OE_MKRN260030409-1A_23M5KWLT4_L1_WT2898C_OE_MKRN260030409-1A_23M5KWLT4_L1","WT2898C","WT2898C_OE","WT","control","WT_control","RB1",9.10376917183108
"WT2909P_OE_MKRN260030413-1A_23M5KWLT4_L1_WT2909P_OE_MKRN260030413-1A_23M5KWLT4_L1","WT2909P","WT2909P_OE","WT","treated","WT_treated","RB1",9.25779719351363
"WT2910C_OE_MKRN260030408-1A_23M5KWLT4_L1_WT2910C_OE_MKRN260030408-1A_23M5KWLT4_L1","WT2910C","WT2910C_OE","WT","control","WT_control","RB1",9.2528819307895
"WT2921C_OE_MKRN260030407-1A_23M5KWLT4_L1_WT2921C_OE_MKRN260030407-1A_23M5KWLT4_L1","WT2921C","WT2921C_OE","WT","control","WT_control","RB1",9.89708700664425
"WT2965C_OE_MKRN260030410-1A_23M5KWLT4_L1_WT2965C_OE_MKRN260030410-1A_23M5KWLT4_L1","WT2965C","WT2965C_OE","WT","control","WT_control","RB1",8.88905165136979
"KO2897P_OE_MKRN260030419-1A_23M5KWLT4_L1_KO2897P_OE_MKRN260030419-1A_23M5KWLT4_L1","KO2897P","KO2897P_OE","KO","treated","KO_treated","RB1",9.16140478208323
"KO2908P_OE_MKRN260030420-1A_23M5KWLT4_L1_KO2908P_OE_MKRN260030420-1A_23M5KWLT4_L1","KO2908P","KO2908P_OE","KO","treated","KO_treated","RB1",9.47841071397351
"KO2912C_OE_MKRN260030414-1A_23M5KWLT4_L1_KO2912C_OE_MKRN260030414-1A_23M5KWLT4_L1","KO2912C","KO2912C_OE","KO","control","KO_control","RB1",9.19529285622011
"KO2913C_OE_MKRN260030417-1A_23M5KWLT4_L1_KO2913C_OE_MKRN260030417-1A_23M5KWLT4_L1","KO2913C","KO2913C_OE","KO","control","KO_control","RB1",9.27055564559126
"KO2918C_OE_MKRN260030415-1A_23M5KWLT4_L1_KO2918C_OE_MKRN260030415-1A_23M5KWLT4_L1","KO2918C","KO2918C_OE","KO","control","KO_control","RB1",9.05108121461774
"KO2960C_OE_MKRN260030416-1A_23M5KWLT4_L1_KO2960C_OE_MKRN260030416-1A_23M5KWLT4_L1","KO2960C","KO2960C_OE","KO","control","KO_control","RB1",9.19384589953775
"KO2966P_OE_MKRN260030418-1A_23M5KWLT4_L1_KO2966P_OE_MKRN260030418-1A_23M5KWLT4_L1","KO2966P","KO2966P_OE","KO","treated","KO_treated","RB1",9.09781577869473
"WT2888P_OE_MKRN260030412-1A_23M5KWLT4_L1_WT2888P_OE_MKRN260030412-1A_23M5KWLT4_L1","WT2888P","WT2888P_OE","WT","treated","WT_treated","TTF1",8.90066864131163
"WT2896P_OE_MKRN260030411-1A_23M5KWLT4_L1_WT2896P_OE_MKRN260030411-1A_23M5KWLT4_L1","WT2896P","WT2896P_OE","WT","treated","WT_treated","TTF1",8.934618554626
"WT2898C_OE_MKRN260030409-1A_23M5KWLT4_L1_WT2898C_OE_MKRN260030409-1A_23M5KWLT4_L1","WT2898C","WT2898C_OE","WT","control","WT_control","TTF1",8.92363081974507
"WT2909P_OE_MKRN260030413-1A_23M5KWLT4_L1_WT2909P_OE_MKRN260030413-1A_23M5KWLT4_L1","WT2909P","WT2909P_OE","WT","treated","WT_treated","TTF1",8.80667823348517
"WT2910C_OE_MKRN260030408-1A_23M5KWLT4_L1_WT2910C_OE_MKRN260030408-1A_23M5KWLT4_L1","WT2910C","WT2910C_OE","WT","control","WT_control","TTF1",8.73173449598519
"WT2921C_OE_MKRN260030407-1A_23M5KWLT4_L1_WT2921C_OE_MKRN260030407-1A_23M5KWLT4_L1","WT2921C","WT2921C_OE","WT","control","WT_control","TTF1",8.92934378071725
"WT2965C_OE_MKRN260030410-1A_23M5KWLT4_L1_WT2965C_OE_MKRN260030410-1A_23M5KWLT4_L1","WT2965C","WT2965C_OE","WT","control","WT_control","TTF1",8.80503233965123
"KO2897P_OE_MKRN260030419-1A_23M5KWLT4_L1_KO2897P_OE_MKRN260030419-1A_23M5KWLT4_L1","KO2897P","KO2897P_OE","KO","treated","KO_treated","TTF1",8.66499178880676
"KO2908P_OE_MKRN260030420-1A_23M5KWLT4_L1_KO2908P_OE_MKRN260030420-1A_23M5KWLT4_L1","KO2908P","KO2908P_OE","KO","treated","KO_treated","TTF1",8.74518124690334
"KO2912C_OE_MKRN260030414-1A_23M5KWLT4_L1_KO2912C_OE_MKRN260030414-1A_23M5KWLT4_L1","KO2912C","KO2912C_OE","KO","control","KO_control","TTF1",8.50126226857184
"KO2913C_OE_MKRN260030417-1A_23M5KWLT4_L1_KO2913C_OE_MKRN260030417-1A_23M5KWLT4_L1","KO2913C","KO2913C_OE","KO","control","KO_control","TTF1",8.72478590531865
"KO2918C_OE_MKRN260030415-1A_23M5KWLT4_L1_KO2918C_OE_MKRN260030415-1A_23M5KWLT4_L1","KO2918C","KO2918C_OE","KO","control","KO_control","TTF1",8.92125142386102
"KO2960C_OE_MKRN260030416-1A_23M5KWLT4_L1_KO2960C_OE_MKRN260030416-1A_23M5KWLT4_L1","KO2960C","KO2960C_OE","KO","control","KO_control","TTF1",8.82228121479387
"KO2966P_OE_MKRN260030418-1A_23M5KWLT4_L1_KO2966P_OE_MKRN260030418-1A_23M5KWLT4_L1","KO2966P","KO2966P_OE","KO","treated","KO_treated","TTF1",8.66644101923007
"WT2888P_OE_MKRN260030412-1A_23M5KWLT4_L1_WT2888P_OE_MKRN260030412-1A_23M5KWLT4_L1","WT2888P","WT2888P_OE","WT","treated","WT_treated","INSM1",5.81500810717005
"WT2896P_OE_MKRN260030411-1A_23M5KWLT4_L1_WT2896P_OE_MKRN260030411-1A_23M5KWLT4_L1","WT2896P","WT2896P_OE","WT","treated","WT_treated","INSM1",5.81500810717005
"WT2898C_OE_MKRN260030409-1A_23M5KWLT4_L1_WT2898C_OE_MKRN260030409-1A_23M5KWLT4_L1","WT2898C","WT2898C_OE","WT","control","WT_control","INSM1",5.81500810717005
"WT2909P_OE_MKRN260030413-1A_23M5KWLT4_L1_WT2909P_OE_MKRN260030413-1A_23M5KWLT4_L1","WT2909P","WT2909P_OE","WT","treated","WT_treated","INSM1",6.19101079400943
"WT2910C_OE_MKRN260030408-1A_23M5KWLT4_L1_WT2910C_OE_MKRN260030408-1A_23M5KWLT4_L1","WT2910C","WT2910C_OE","WT","control","WT_control","INSM1",6.23623965097422
"WT2921C_OE_MKRN260030407-1A_23M5KWLT4_L1_WT2921C_OE_MKRN260030407-1A_23M5KWLT4_L1","WT2921C","WT2921C_OE","WT","control","WT_control","INSM1",6.74660786556978
"WT2965C_OE_MKRN260030410-1A_23M5KWLT4_L1_WT2965C_OE_MKRN260030410-1A_23M5KWLT4_L1","WT2965C","WT2965C_OE","WT","control","WT_control","INSM1",6.12188583862603
"KO2897P_OE_MKRN260030419-1A_23M5KWLT4_L1_KO2897P_OE_MKRN260030419-1A_23M5KWLT4_L1","KO2897P","KO2897P_OE","KO","treated","KO_treated","INSM1",6.00978248186393
"KO2908P_OE_MKRN260030420-1A_23M5KWLT4_L1_KO2908P_OE_MKRN260030420-1A_23M5KWLT4_L1","KO2908P","KO2908P_OE","KO","treated","KO_treated","INSM1",5.81500810717005
"KO2912C_OE_MKRN260030414-1A_23M5KWLT4_L1_KO2912C_OE_MKRN260030414-1A_23M5KWLT4_L1","KO2912C","KO2912C_OE","KO","control","KO_control","INSM1",6.0123607099135
"KO2913C_OE_MKRN260030417-1A_23M5KWLT4_L1_KO2913C_OE_MKRN260030417-1A_23M5KWLT4_L1","KO2913C","KO2913C_OE","KO","control","KO_control","INSM1",6.28172802651087
"KO2918C_OE_MKRN260030415-1A_23M5KWLT4_L1_KO2918C_OE_MKRN260030415-1A_23M5KWLT4_L1","KO2918C","KO2918C_OE","KO","control","KO_control","INSM1",6.08679494637393
"KO2960C_OE_MKRN260030416-1A_23M5KWLT4_L1_KO2960C_OE_MKRN260030416-1A_23M5KWLT4_L1","KO2960C","KO2960C_OE","KO","control","KO_control","INSM1",6.09907342521739
"KO2966P_OE_MKRN260030418-1A_23M5KWLT4_L1_KO2966P_OE_MKRN260030418-1A_23M5KWLT4_L1","KO2966P","KO2966P_OE","KO","treated","KO_treated","INSM1",5.81500810717005
"WT2888P_OE_MKRN260030412-1A_23M5KWLT4_L1_WT2888P_OE_MKRN260030412-1A_23M5KWLT4_L1","WT2888P","WT2888P_OE","WT","treated","WT_treated","ACP3",9.88553661372026
"WT2896P_OE_MKRN260030411-1A_23M5KWLT4_L1_WT2896P_OE_MKRN260030411-1A_23M5KWLT4_L1","WT2896P","WT2896P_OE","WT","treated","WT_treated","ACP3",10.2569983702735
"WT2898C_OE_MKRN260030409-1A_23M5KWLT4_L1_WT2898C_OE_MKRN260030409-1A_23M5KWLT4_L1","WT2898C","WT2898C_OE","WT","control","WT_control","ACP3",10.2357070843057
"WT2909P_OE_MKRN260030413-1A_23M5KWLT4_L1_WT2909P_OE_MKRN260030413-1A_23M5KWLT4_L1","WT2909P","WT2909P_OE","WT","treated","WT_treated","ACP3",9.52945152554608
"WT2910C_OE_MKRN260030408-1A_23M5KWLT4_L1_WT2910C_OE_MKRN260030408-1A_23M5KWLT4_L1","WT2910C","WT2910C_OE","WT","control","WT_control","ACP3",9.84431900985797
"WT2921C_OE_MKRN260030407-1A_23M5KWLT4_L1_WT2921C_OE_MKRN260030407-1A_23M5KWLT4_L1","WT2921C","WT2921C_OE","WT","control","WT_control","ACP3",9.23574152224385
"WT2965C_OE_MKRN260030410-1A_23M5KWLT4_L1_WT2965C_OE_MKRN260030410-1A_23M5KWLT4_L1","WT2965C","WT2965C_OE","WT","control","WT_control","ACP3",9.89120576759321
"KO2897P_OE_MKRN260030419-1A_23M5KWLT4_L1_KO2897P_OE_MKRN260030419-1A_23M5KWLT4_L1","KO2897P","KO2897P_OE","KO","treated","KO_treated","ACP3",9.88695099322585
"KO2908P_OE_MKRN260030420-1A_23M5KWLT4_L1_KO2908P_OE_MKRN260030420-1A_23M5KWLT4_L1","KO2908P","KO2908P_OE","KO","treated","KO_treated","ACP3",9.40955358436404
"KO2912C_OE_MKRN260030414-1A_23M5KWLT4_L1_KO2912C_OE_MKRN260030414-1A_23M5KWLT4_L1","KO2912C","KO2912C_OE","KO","control","KO_control","ACP3",9.79910157585965
"KO2913C_OE_MKRN260030417-1A_23M5KWLT4_L1_KO2913C_OE_MKRN260030417-1A_23M5KWLT4_L1","KO2913C","KO2913C_OE","KO","control","KO_control","ACP3",9.81146920302027
"KO2918C_OE_MKRN260030415-1A_23M5KWLT4_L1_KO2918C_OE_MKRN260030415-1A_23M5KWLT4_L1","KO2918C","KO2918C_OE","KO","control","KO_control","ACP3",9.75221373626979
"KO2960C_OE_MKRN260030416-1A_23M5KWLT4_L1_KO2960C_OE_MKRN260030416-1A_23M5KWLT4_L1","KO2960C","KO2960C_OE","KO","control","KO_control","ACP3",9.91510289345725
"KO2966P_OE_MKRN260030418-1A_23M5KWLT4_L1_KO2966P_OE_MKRN260030418-1A_23M5KWLT4_L1","KO2966P","KO2966P_OE","KO","treated","KO_treated","ACP3",9.91508657396888
"WT2888P_OE_MKRN260030412-1A_23M5KWLT4_L1_WT2888P_OE_MKRN260030412-1A_23M5KWLT4_L1","WT2888P","WT2888P_OE","WT","treated","WT_treated","CHGA",6.62223246673448
"WT2896P_OE_MKRN260030411-1A_23M5KWLT4_L1_WT2896P_OE_MKRN260030411-1A_23M5KWLT4_L1","WT2896P","WT2896P_OE","WT","treated","WT_treated","CHGA",6.38747369765106
"WT2898C_OE_MKRN260030409-1A_23M5KWLT4_L1_WT2898C_OE_MKRN260030409-1A_23M5KWLT4_L1","WT2898C","WT2898C_OE","WT","control","WT_control","CHGA",8.51535541339419
"WT2909P_OE_MKRN260030413-1A_23M5KWLT4_L1_WT2909P_OE_MKRN260030413-1A_23M5KWLT4_L1","WT2909P","WT2909P_OE","WT","treated","WT_treated","CHGA",7.06779694946049
"WT2910C_OE_MKRN260030408-1A_23M5KWLT4_L1_WT2910C_OE_MKRN260030408-1A_23M5KWLT4_L1","WT2910C","WT2910C_OE","WT","control","WT_control","CHGA",6.79634015126189
"WT2921C_OE_MKRN260030407-1A_23M5KWLT4_L1_WT2921C_OE_MKRN260030407-1A_23M5KWLT4_L1","WT2921C","WT2921C_OE","WT","control","WT_control","CHGA",7.44924630583768
"WT2965C_OE_MKRN260030410-1A_23M5KWLT4_L1_WT2965C_OE_MKRN260030410-1A_23M5KWLT4_L1","WT2965C","WT2965C_OE","WT","control","WT_control","CHGA",7.26006195939215
"KO2897P_OE_MKRN260030419-1A_23M5KWLT4_L1_KO2897P_OE_MKRN260030419-1A_23M5KWLT4_L1","KO2897P","KO2897P_OE","KO","treated","KO_treated","CHGA",7.73338341864447
"KO2908P_OE_MKRN260030420-1A_23M5KWLT4_L1_KO2908P_OE_MKRN260030420-1A_23M5KWLT4_L1","KO2908P","KO2908P_OE","KO","treated","KO_treated","CHGA",8.95465828155545
"KO2912C_OE_MKRN260030414-1A_23M5KWLT4_L1_KO2912C_OE_MKRN260030414-1A_23M5KWLT4_L1","KO2912C","KO2912C_OE","KO","control","KO_control","CHGA",8.64425450077915
"KO2913C_OE_MKRN260030417-1A_23M5KWLT4_L1_KO2913C_OE_MKRN260030417-1A_23M5KWLT4_L1","KO2913C","KO2913C_OE","KO","control","KO_control","CHGA",9.01558688146354
"KO2918C_OE_MKRN260030415-1A_23M5KWLT4_L1_KO2918C_OE_MKRN260030415-1A_23M5KWLT4_L1","KO2918C","KO2918C_OE","KO","control","KO_control","CHGA",8.42563730929057
"KO2960C_OE_MKRN260030416-1A_23M5KWLT4_L1_KO2960C_OE_MKRN260030416-1A_23M5KWLT4_L1","KO2960C","KO2960C_OE","KO","control","KO_control","CHGA",7.86850980367196
"KO2966P_OE_MKRN260030418-1A_23M5KWLT4_L1_KO2966P_OE_MKRN260030418-1A_23M5KWLT4_L1","KO2966P","KO2966P_OE","KO","treated","KO_treated","CHGA",7.20885384445902
"WT2888P_OE_MKRN260030412-1A_23M5KWLT4_L1_WT2888P_OE_MKRN260030412-1A_23M5KWLT4_L1","WT2888P","WT2888P_OE","WT","treated","WT_treated","CHGB",6.22254945684513
"WT2896P_OE_MKRN260030411-1A_23M5KWLT4_L1_WT2896P_OE_MKRN260030411-1A_23M5KWLT4_L1","WT2896P","WT2896P_OE","WT","treated","WT_treated","CHGB",5.81500810717005
"WT2898C_OE_MKRN260030409-1A_23M5KWLT4_L1_WT2898C_OE_MKRN260030409-1A_23M5KWLT4_L1","WT2898C","WT2898C_OE","WT","control","WT_control","CHGB",5.81500810717005
"WT2909P_OE_MKRN260030413-1A_23M5KWLT4_L1_WT2909P_OE_MKRN260030413-1A_23M5KWLT4_L1","WT2909P","WT2909P_OE","WT","treated","WT_treated","CHGB",6.08125728249513
"WT2910C_OE_MKRN260030408-1A_23M5KWLT4_L1_WT2910C_OE_MKRN260030408-1A_23M5KWLT4_L1","WT2910C","WT2910C_OE","WT","control","WT_control","CHGB",5.81500810717005
"WT2921C_OE_MKRN260030407-1A_23M5KWLT4_L1_WT2921C_OE_MKRN260030407-1A_23M5KWLT4_L1","WT2921C","WT2921C_OE","WT","control","WT_control","CHGB",5.81500810717005
"WT2965C_OE_MKRN260030410-1A_23M5KWLT4_L1_WT2965C_OE_MKRN260030410-1A_23M5KWLT4_L1","WT2965C","WT2965C_OE","WT","control","WT_control","CHGB",5.99240647740064
"KO2897P_OE_MKRN260030419-1A_23M5KWLT4_L1_KO2897P_OE_MKRN260030419-1A_23M5KWLT4_L1","KO2897P","KO2897P_OE","KO","treated","KO_treated","CHGB",5.81500810717005
"KO2908P_OE_MKRN260030420-1A_23M5KWLT4_L1_KO2908P_OE_MKRN260030420-1A_23M5KWLT4_L1","KO2908P","KO2908P_OE","KO","treated","KO_treated","CHGB",5.81500810717005
"KO2912C_OE_MKRN260030414-1A_23M5KWLT4_L1_KO2912C_OE_MKRN260030414-1A_23M5KWLT4_L1","KO2912C","KO2912C_OE","KO","control","KO_control","CHGB",6.0123607099135
"KO2913C_OE_MKRN260030417-1A_23M5KWLT4_L1_KO2913C_OE_MKRN260030417-1A_23M5KWLT4_L1","KO2913C","KO2913C_OE","KO","control","KO_control","CHGB",6.00623765075323
"KO2918C_OE_MKRN260030415-1A_23M5KWLT4_L1_KO2918C_OE_MKRN260030415-1A_23M5KWLT4_L1","KO2918C","KO2918C_OE","KO","control","KO_control","CHGB",5.81500810717005
"KO2960C_OE_MKRN260030416-1A_23M5KWLT4_L1_KO2960C_OE_MKRN260030416-1A_23M5KWLT4_L1","KO2960C","KO2960C_OE","KO","control","KO_control","CHGB",6.09907342521739
"KO2966P_OE_MKRN260030418-1A_23M5KWLT4_L1_KO2966P_OE_MKRN260030418-1A_23M5KWLT4_L1","KO2966P","KO2966P_OE","KO","treated","KO_treated","CHGB",5.81500810717005
"WT2888P_OE_MKRN260030412-1A_23M5KWLT4_L1_WT2888P_OE_MKRN260030412-1A_23M5KWLT4_L1","WT2888P","WT2888P_OE","WT","treated","WT_treated","TFRC",11.0774313990578
"WT2896P_OE_MKRN260030411-1A_23M5KWLT4_L1_WT2896P_OE_MKRN260030411-1A_23M5KWLT4_L1","WT2896P","WT2896P_OE","WT","treated","WT_treated","TFRC",11.5447240974952
"WT2898C_OE_MKRN260030409-1A_23M5KWLT4_L1_WT2898C_OE_MKRN260030409-1A_23M5KWLT4_L1","WT2898C","WT2898C_OE","WT","control","WT_control","TFRC",11.1759823953237
"WT2909P_OE_MKRN260030413-1A_23M5KWLT4_L1_WT2909P_OE_MKRN260030413-1A_23M5KWLT4_L1","WT2909P","WT2909P_OE","WT","treated","WT_treated","TFRC",11.0475734920276
"WT2910C_OE_MKRN260030408-1A_23M5KWLT4_L1_WT2910C_OE_MKRN260030408-1A_23M5KWLT4_L1","WT2910C","WT2910C_OE","WT","control","WT_control","TFRC",11.1919937149753
"WT2921C_OE_MKRN260030407-1A_23M5KWLT4_L1_WT2921C_OE_MKRN260030407-1A_23M5KWLT4_L1","WT2921C","WT2921C_OE","WT","control","WT_control","TFRC",11.4273193576127
"WT2965C_OE_MKRN260030410-1A_23M5KWLT4_L1_WT2965C_OE_MKRN260030410-1A_23M5KWLT4_L1","WT2965C","WT2965C_OE","WT","control","WT_control","TFRC",11.4784223618568
"KO2897P_OE_MKRN260030419-1A_23M5KWLT4_L1_KO2897P_OE_MKRN260030419-1A_23M5KWLT4_L1","KO2897P","KO2897P_OE","KO","treated","KO_treated","TFRC",11.9004095216018
"KO2908P_OE_MKRN260030420-1A_23M5KWLT4_L1_KO2908P_OE_MKRN260030420-1A_23M5KWLT4_L1","KO2908P","KO2908P_OE","KO","treated","KO_treated","TFRC",11.1043037108254
"KO2912C_OE_MKRN260030414-1A_23M5KWLT4_L1_KO2912C_OE_MKRN260030414-1A_23M5KWLT4_L1","KO2912C","KO2912C_OE","KO","control","KO_control","TFRC",11.3550359813818
"KO2913C_OE_MKRN260030417-1A_23M5KWLT4_L1_KO2913C_OE_MKRN260030417-1A_23M5KWLT4_L1","KO2913C","KO2913C_OE","KO","control","KO_control","TFRC",11.0936916093742
"KO2918C_OE_MKRN260030415-1A_23M5KWLT4_L1_KO2918C_OE_MKRN260030415-1A_23M5KWLT4_L1","KO2918C","KO2918C_OE","KO","control","KO_control","TFRC",11.121098542992
"KO2960C_OE_MKRN260030416-1A_23M5KWLT4_L1_KO2960C_OE_MKRN260030416-1A_23M5KWLT4_L1","KO2960C","KO2960C_OE","KO","control","KO_control","TFRC",11.6542584633898
"KO2966P_OE_MKRN260030418-1A_23M5KWLT4_L1_KO2966P_OE_MKRN260030418-1A_23M5KWLT4_L1","KO2966P","KO2966P_OE","KO","treated","KO_treated","TFRC",11.6389389887682
"WT2888P_OE_MKRN260030412-1A_23M5KWLT4_L1_WT2888P_OE_MKRN260030412-1A_23M5KWLT4_L1","WT2888P","WT2888P_OE","WT","treated","WT_treated","NCAM1",10.0161164040341
"WT2896P_OE_MKRN260030411-1A_23M5KWLT4_L1_WT2896P_OE_MKRN260030411-1A_23M5KWLT4_L1","WT2896P","WT2896P_OE","WT","treated","WT_treated","NCAM1",10.1769959776952
"WT2898C_OE_MKRN260030409-1A_23M5KWLT4_L1_WT2898C_OE_MKRN260030409-1A_23M5KWLT4_L1","WT2898C","WT2898C_OE","WT","control","WT_control","NCAM1",10.2606611454792
"WT2909P_OE_MKRN260030413-1A_23M5KWLT4_L1_WT2909P_OE_MKRN260030413-1A_23M5KWLT4_L1","WT2909P","WT2909P_OE","WT","treated","WT_treated","NCAM1",9.95419842648499
"WT2910C_OE_MKRN260030408-1A_23M5KWLT4_L1_WT2910C_OE_MKRN260030408-1A_23M5KWLT4_L1","WT2910C","WT2910C_OE","WT","control","WT_control","NCAM1",10.1939454078878
"WT2921C_OE_MKRN260030407-1A_23M5KWLT4_L1_WT2921C_OE_MKRN260030407-1A_23M5KWLT4_L1","WT2921C","WT2921C_OE","WT","control","WT_control","NCAM1",10.3881445027718
"WT2965C_OE_MKRN260030410-1A_23M5KWLT4_L1_WT2965C_OE_MKRN260030410-1A_23M5KWLT4_L1","WT2965C","WT2965C_OE","WT","control","WT_control","NCAM1",10.1850739606818
"KO2897P_OE_MKRN260030419-1A_23M5KWLT4_L1_KO2897P_OE_MKRN260030419-1A_23M5KWLT4_L1","KO2897P","KO2897P_OE","KO","treated","KO_treated","NCAM1",10.3761928377022
"KO2908P_OE_MKRN260030420-1A_23M5KWLT4_L1_KO2908P_OE_MKRN260030420-1A_23M5KWLT4_L1","KO2908P","KO2908P_OE","KO","treated","KO_treated","NCAM1",10.3338795793001
"KO2912C_OE_MKRN260030414-1A_23M5KWLT4_L1_KO2912C_OE_MKRN260030414-1A_23M5KWLT4_L1","KO2912C","KO2912C_OE","KO","control","KO_control","NCAM1",10.2539078253249
"KO2913C_OE_MKRN260030417-1A_23M5KWLT4_L1_KO2913C_OE_MKRN260030417-1A_23M5KWLT4_L1","KO2913C","KO2913C_OE","KO","control","KO_control","NCAM1",10.3746356516059
"KO2918C_OE_MKRN260030415-1A_23M5KWLT4_L1_KO2918C_OE_MKRN260030415-1A_23M5KWLT4_L1","KO2918C","KO2918C_OE","KO","control","KO_control","NCAM1",10.3167329375597
"KO2960C_OE_MKRN260030416-1A_23M5KWLT4_L1_KO2960C_OE_MKRN260030416-1A_23M5KWLT4_L1","KO2960C","KO2960C_OE","KO","control","KO_control","NCAM1",10.1796820948579
"KO2966P_OE_MKRN260030418-1A_23M5KWLT4_L1_KO2966P_OE_MKRN260030418-1A_23M5KWLT4_L1","KO2966P","KO2966P_OE","KO","treated","KO_treated","NCAM1",10.2823802514421
"WT2888P_OE_MKRN260030412-1A_23M5KWLT4_L1_WT2888P_OE_MKRN260030412-1A_23M5KWLT4_L1","WT2888P","WT2888P_OE","WT","treated","WT_treated","SCG2",6.0192862896921
"WT2896P_OE_MKRN260030411-1A_23M5KWLT4_L1_WT2896P_OE_MKRN260030411-1A_23M5KWLT4_L1","WT2896P","WT2896P_OE","WT","treated","WT_treated","SCG2",5.81500810717005
"WT2898C_OE_MKRN260030409-1A_23M5KWLT4_L1_WT2898C_OE_MKRN260030409-1A_23M5KWLT4_L1","WT2898C","WT2898C_OE","WT","control","WT_control","SCG2",5.81500810717005
"WT2909P_OE_MKRN260030413-1A_23M5KWLT4_L1_WT2909P_OE_MKRN260030413-1A_23M5KWLT4_L1","WT2909P","WT2909P_OE","WT","treated","WT_treated","SCG2",5.81500810717005
"WT2910C_OE_MKRN260030408-1A_23M5KWLT4_L1_WT2910C_OE_MKRN260030408-1A_23M5KWLT4_L1","WT2910C","WT2910C_OE","WT","control","WT_control","SCG2",5.81500810717005
"WT2921C_OE_MKRN260030407-1A_23M5KWLT4_L1_WT2921C_OE_MKRN260030407-1A_23M5KWLT4_L1","WT2921C","WT2921C_OE","WT","control","WT_control","SCG2",5.81500810717005
"WT2965C_OE_MKRN260030410-1A_23M5KWLT4_L1_WT2965C_OE_MKRN260030410-1A_23M5KWLT4_L1","WT2965C","WT2965C_OE","WT","control","WT_control","SCG2",5.81500810717005
"KO2897P_OE_MKRN260030419-1A_23M5KWLT4_L1_KO2897P_OE_MKRN260030419-1A_23M5KWLT4_L1","KO2897P","KO2897P_OE","KO","treated","KO_treated","SCG2",5.81500810717005
"KO2908P_OE_MKRN260030420-1A_23M5KWLT4_L1_KO2908P_OE_MKRN260030420-1A_23M5KWLT4_L1","KO2908P","KO2908P_OE","KO","treated","KO_treated","SCG2",5.81500810717005
"KO2912C_OE_MKRN260030414-1A_23M5KWLT4_L1_KO2912C_OE_MKRN260030414-1A_23M5KWLT4_L1","KO2912C","KO2912C_OE","KO","control","KO_control","SCG2",5.81500810717005
"KO2913C_OE_MKRN260030417-1A_23M5KWLT4_L1_KO2913C_OE_MKRN260030417-1A_23M5KWLT4_L1","KO2913C","KO2913C_OE","KO","control","KO_control","SCG2",5.81500810717005
"KO2918C_OE_MKRN260030415-1A_23M5KWLT4_L1_KO2918C_OE_MKRN260030415-1A_23M5KWLT4_L1","KO2918C","KO2918C_OE","KO","control","KO_control","SCG2",5.81500810717005
"KO2960C_OE_MKRN260030416-1A_23M5KWLT4_L1_KO2960C_OE_MKRN260030416-1A_23M5KWLT4_L1","KO2960C","KO2960C_OE","KO","control","KO_control","SCG2",6.16263633685243
"KO2966P_OE_MKRN260030418-1A_23M5KWLT4_L1_KO2966P_OE_MKRN260030418-1A_23M5KWLT4_L1","KO2966P","KO2966P_OE","KO","treated","KO_treated","SCG2",5.81500810717005
"WT2888P_OE_MKRN260030412-1A_23M5KWLT4_L1_WT2888P_OE_MKRN260030412-1A_23M5KWLT4_L1","WT2888P","WT2888P_OE","WT","treated","WT_treated","SYP",6.31332269310606
"WT2896P_OE_MKRN260030411-1A_23M5KWLT4_L1_WT2896P_OE_MKRN260030411-1A_23M5KWLT4_L1","WT2896P","WT2896P_OE","WT","treated","WT_treated","SYP",6.14696112882444
"WT2898C_OE_MKRN260030409-1A_23M5KWLT4_L1_WT2898C_OE_MKRN260030409-1A_23M5KWLT4_L1","WT2898C","WT2898C_OE","WT","control","WT_control","SYP",6.36876801424315
"WT2909P_OE_MKRN260030413-1A_23M5KWLT4_L1_WT2909P_OE_MKRN260030413-1A_23M5KWLT4_L1","WT2909P","WT2909P_OE","WT","treated","WT_treated","SYP",6.31137011384067
"WT2910C_OE_MKRN260030408-1A_23M5KWLT4_L1_WT2910C_OE_MKRN260030408-1A_23M5KWLT4_L1","WT2910C","WT2910C_OE","WT","control","WT_control","SYP",6.34670893229322
"WT2921C_OE_MKRN260030407-1A_23M5KWLT4_L1_WT2921C_OE_MKRN260030407-1A_23M5KWLT4_L1","WT2921C","WT2921C_OE","WT","control","WT_control","SYP",6.57177604437545
"WT2965C_OE_MKRN260030410-1A_23M5KWLT4_L1_WT2965C_OE_MKRN260030410-1A_23M5KWLT4_L1","WT2965C","WT2965C_OE","WT","control","WT_control","SYP",6.59916908425906
"KO2897P_OE_MKRN260030419-1A_23M5KWLT4_L1_KO2897P_OE_MKRN260030419-1A_23M5KWLT4_L1","KO2897P","KO2897P_OE","KO","treated","KO_treated","SYP",6.48422291800779
"KO2908P_OE_MKRN260030420-1A_23M5KWLT4_L1_KO2908P_OE_MKRN260030420-1A_23M5KWLT4_L1","KO2908P","KO2908P_OE","KO","treated","KO_treated","SYP",6.64552608152502
"KO2912C_OE_MKRN260030414-1A_23M5KWLT4_L1_KO2912C_OE_MKRN260030414-1A_23M5KWLT4_L1","KO2912C","KO2912C_OE","KO","control","KO_control","SYP",6.15630302082224
"KO2913C_OE_MKRN260030417-1A_23M5KWLT4_L1_KO2913C_OE_MKRN260030417-1A_23M5KWLT4_L1","KO2913C","KO2913C_OE","KO","control","KO_control","SYP",6.35315759378067
"KO2918C_OE_MKRN260030415-1A_23M5KWLT4_L1_KO2918C_OE_MKRN260030415-1A_23M5KWLT4_L1","KO2918C","KO2918C_OE","KO","control","KO_control","SYP",6.59889017235751
"KO2960C_OE_MKRN260030416-1A_23M5KWLT4_L1_KO2960C_OE_MKRN260030416-1A_23M5KWLT4_L1","KO2960C","KO2960C_OE","KO","control","KO_control","SYP",6.4461783778026
"KO2966P_OE_MKRN260030418-1A_23M5KWLT4_L1_KO2966P_OE_MKRN260030418-1A_23M5KWLT4_L1","KO2966P","KO2966P_OE","KO","treated","KO_treated","SYP",6.59251532863917
"WT2888P_OE_MKRN260030412-1A_23M5KWLT4_L1_WT2888P_OE_MKRN260030412-1A_23M5KWLT4_L1","WT2888P","WT2888P_OE","WT","treated","WT_treated","FOLH1",6.1682409712577
"WT2896P_OE_MKRN260030411-1A_23M5KWLT4_L1_WT2896P_OE_MKRN260030411-1A_23M5KWLT4_L1","WT2896P","WT2896P_OE","WT","treated","WT_treated","FOLH1",6.38747369765106
"WT2898C_OE_MKRN260030409-1A_23M5KWLT4_L1_WT2898C_OE_MKRN260030409-1A_23M5KWLT4_L1","WT2898C","WT2898C_OE","WT","control","WT_control","FOLH1",5.99109002519228
"WT2909P_OE_MKRN260030413-1A_23M5KWLT4_L1_WT2909P_OE_MKRN260030413-1A_23M5KWLT4_L1","WT2909P","WT2909P_OE","WT","treated","WT_treated","FOLH1",6.08125728249513
"WT2910C_OE_MKRN260030408-1A_23M5KWLT4_L1_WT2910C_OE_MKRN260030408-1A_23M5KWLT4_L1","WT2910C","WT2910C_OE","WT","control","WT_control","FOLH1",6.08198453909864
"WT2921C_OE_MKRN260030407-1A_23M5KWLT4_L1_WT2921C_OE_MKRN260030407-1A_23M5KWLT4_L1","WT2921C","WT2921C_OE","WT","control","WT_control","FOLH1",6.094084366444
"WT2965C_OE_MKRN260030410-1A_23M5KWLT4_L1_WT2965C_OE_MKRN260030410-1A_23M5KWLT4_L1","WT2965C","WT2965C_OE","WT","control","WT_control","FOLH1",6.06572974089086
"KO2897P_OE_MKRN260030419-1A_23M5KWLT4_L1_KO2897P_OE_MKRN260030419-1A_23M5KWLT4_L1","KO2897P","KO2897P_OE","KO","treated","KO_treated","FOLH1",6.00978248186393
"KO2908P_OE_MKRN260030420-1A_23M5KWLT4_L1_KO2908P_OE_MKRN260030420-1A_23M5KWLT4_L1","KO2908P","KO2908P_OE","KO","treated","KO_treated","FOLH1",6.01332114883651
"KO2912C_OE_MKRN260030414-1A_23M5KWLT4_L1_KO2912C_OE_MKRN260030414-1A_23M5KWLT4_L1","KO2912C","KO2912C_OE","KO","control","KO_control","FOLH1",5.81500810717005
"KO2913C_OE_MKRN260030417-1A_23M5KWLT4_L1_KO2913C_OE_MKRN260030417-1A_23M5KWLT4_L1","KO2913C","KO2913C_OE","KO","control","KO_control","FOLH1",5.81500810717005
"KO2918C_OE_MKRN260030415-1A_23M5KWLT4_L1_KO2918C_OE_MKRN260030415-1A_23M5KWLT4_L1","KO2918C","KO2918C_OE","KO","control","KO_control","FOLH1",6.28438030987356
"KO2960C_OE_MKRN260030416-1A_23M5KWLT4_L1_KO2960C_OE_MKRN260030416-1A_23M5KWLT4_L1","KO2960C","KO2960C_OE","KO","control","KO_control","FOLH1",5.81500810717005
"KO2966P_OE_MKRN260030418-1A_23M5KWLT4_L1_KO2966P_OE_MKRN260030418-1A_23M5KWLT4_L1","KO2966P","KO2966P_OE","KO","treated","KO_treated","FOLH1",5.81500810717005
